0, 0, 3.14, 0, 0
0.000592781, 2.63155e-06, 3.14001, 0.00887864, 0.0174958
0.00118556, 1.05262e-05, 3.14002, 0.0177573, 0.0349915
0.00177834, 2.36839e-05, 3.14005, 0.0266359, 0.052487
0.00237112, 4.21047e-05, 3.14008, 0.0355145, 0.069982
0.00296391, 6.57885e-05, 3.14013, 0.0443931, 0.0874766
0.00355669, 9.47355e-05, 3.14019, 0.0532716, 0.10497
0.00414947, 0.000128945, 3.14025, 0.0621502, 0.122464
0.00474225, 0.000168418, 3.14033, 0.0710286, 0.139956
0.00533503, 0.000213154, 3.14042, 0.0799071, 0.157447
0.00592781, 0.000263153, 3.14052, 0.0887854, 0.174937
0.00652059, 0.000318415, 3.14063, 0.0976638, 0.192426
0.00711337, 0.00037894, 3.14075, 0.106542, 0.209913
0.00770615, 0.000444727, 3.14088, 0.11542, 0.227398
0.00829893, 0.000515777, 3.14102, 0.124298, 0.244882
0.00889172, 0.00059209, 3.14117, 0.133176, 0.262365
0.0094845, 0.000673666, 3.14133, 0.142054, 0.279845
0.0100773, 0.000760505, 3.1415, 0.150932, 0.297323
0.0106701, 0.000852605, 3.14168, 0.15981, 0.314799
0.0112628, 0.000949969, 3.14187, 0.168687, 0.332272
0.0118556, 0.00105259, 3.14207, 0.177565, 0.349744
0.0124484, 0.00116048, 3.14229, 0.186442, 0.367212
0.0130412, 0.00127363, 3.14251, 0.19532, 0.384678
0.013634, 0.00139205, 3.14274, 0.204197, 0.402141
0.0142267, 0.00151572, 3.14299, 0.213074, 0.4196
0.0148195, 0.00164466, 3.14324, 0.221951, 0.437057
0.0154123, 0.00177886, 3.1435, 0.230827, 0.454511
0.0160051, 0.00191832, 3.14378, 0.239704, 0.471961
0.0165979, 0.00206304, 3.14406, 0.24858, 0.489407
0.0171907, 0.00221303, 3.14436, 0.257457, 0.50685
0.0177834, 0.00236827, 3.14466, 0.266333, 0.524289
0.0183762, 0.00252878, 3.14498, 0.275208, 0.541724
0.018969, 0.00269455, 3.14531, 0.284084, 0.559155
0.0195618, 0.00286558, 3.14564, 0.29296, 0.576582
0.0201546, 0.00304187, 3.14599, 0.301835, 0.594004
0.0207473, 0.00322342, 3.14635, 0.31071, 0.611422
0.0213401, 0.00341024, 3.14672, 0.319585, 0.628836
0.0219329, 0.00360231, 3.14709, 0.328459, 0.646245
0.0225257, 0.00379965, 3.14748, 0.337334, 0.663648
0.0231185, 0.00400224, 3.14788, 0.346208, 0.681047
0.0237112, 0.0042101, 3.14829, 0.355082, 0.698441
0.024304, 0.00442321, 3.14871, 0.363955, 0.715829
0.0248968, 0.00464159, 3.14914, 0.372829, 0.733212
0.0254896, 0.00486522, 3.14958, 0.381702, 0.750589
0.0260824, 0.00509412, 3.15003, 0.390575, 0.767961
0.0266751, 0.00532827, 3.15049, 0.399447, 0.785327
0.0272679, 0.00556769, 3.15096, 0.40832, 0.802687
0.0278607, 0.00581236, 3.15144, 0.417192, 0.820041
0.0284535, 0.00606229, 3.15193, 0.426063, 0.837388
0.0290463, 0.00631749, 3.15243, 0.434935, 0.854729
0.0296391, 0.00657794, 3.15294, 0.443806, 0.872064
0.0302318, 0.00684365, 3.15347, 0.452676, 0.889392
0.0308246, 0.00711461, 3.154, 0.461547, 0.906713
0.0314174, 0.00739084, 3.15454, 0.470417, 0.924027
0.0320102, 0.00767232, 3.15509, 0.479286, 0.941334
0.032603, 0.00795906, 3.15566, 0.488156, 0.958634
0.0331957, 0.00825106, 3.15623, 0.497025, 0.975927
0.0337885, 0.00854831, 3.15681, 0.505893, 0.993212
0.0343813, 0.00885083, 3.15741, 0.514761, 1.01049
0.0349741, 0.0091586, 3.15801, 0.523629, 1.02776
0.0355669, 0.00947162, 3.15863, 0.532497, 1.04502
0.0361596, 0.0097899, 3.15925, 0.541364, 1.06227
0.0367524, 0.0101134, 3.15989, 0.55023, 1.07952
0.0373452, 0.0104422, 3.16053, 0.559096, 1.09676
0.037938, 0.0107763, 3.16119, 0.567962, 1.11398
0.0385308, 0.0111156, 3.16185, 0.576827, 1.1312
0.0391235, 0.0114602, 3.16253, 0.585692, 1.14842
0.0397163, 0.01181, 3.16321, 0.594557, 1.16562
0.0403091, 0.012165, 3.16391, 0.60342, 1.18281
0.0409019, 0.0125254, 3.16462, 0.612284, 1.19999
0.0414947, 0.0128909, 3.16533, 0.621147, 1.21717
0.0420875, 0.0132618, 3.16606, 0.630009, 1.23433
0.0426802, 0.0136378, 3.16679, 0.638871, 1.25149
0.043273, 0.0140192, 3.16754, 0.647732, 1.26863
0.0438658, 0.0144058, 3.1683, 0.656593, 1.28577
0.0444586, 0.0147976, 3.16907, 0.665453, 1.30289
0.0450514, 0.0151947, 3.16984, 0.674313, 1.32001
0.0456441, 0.0155971, 3.17063, 0.683172, 1.33711
0.0462369, 0.0160047, 3.17143, 0.692031, 1.35421
0.0468297, 0.0164175, 3.17224, 0.700889, 1.37129
0.0474225, 0.0168356, 3.17305, 0.709746, 1.38836
0.0480153, 0.017259, 3.17388, 0.718603, 1.40542
0.048608, 0.0176876, 3.17472, 0.727459, 1.42247
0.0492008, 0.0181214, 3.17557, 0.736315, 1.43951
0.0497936, 0.0185605, 3.17643, 0.74517, 1.45654
0.0503864, 0.0190048, 3.1773, 0.754024, 1.47355
0.0509792, 0.0194544, 3.17817, 0.762878, 1.49056
0.051572, 0.0199093, 3.17906, 0.771731, 1.50755
0.0521647, 0.0203694, 3.17996, 0.780583, 1.52453
0.0527575, 0.0208347, 3.18087, 0.789434, 1.54149
0.0533503, 0.0213053, 3.18179, 0.798285, 1.55845
0.0539431, 0.0217811, 3.18272, 0.807135, 1.57539
0.0545359, 0.0222622, 3.18366, 0.815985, 1.59232
0.0551286, 0.0227485, 3.18461, 0.824833, 1.60923
0.0557214, 0.0232401, 3.18556, 0.833681, 1.62614
0.0563142, 0.0237369, 3.18653, 0.842529, 1.64303
0.056907, 0.024239, 3.18751, 0.851375, 1.6599
0.0574998, 0.0247463, 3.1885, 0.86022, 1.67677
0.0580925, 0.0252588, 3.1895, 0.869065, 1.69361
0.0586853, 0.0257766, 3.19051, 0.877909, 1.71045
0.0592781, 0.0262996, 3.19153, 0.886752, 1.72727
0.0598709, 0.0268279, 3.19256, 0.895594, 1.74408
0.0604637, 0.0273614, 3.1936, 0.904436, 1.76087
0.0610564, 0.0279002, 3.19465, 0.913276, 1.77765
0.0616492, 0.0284442, 3.1957, 0.922116, 1.79441
0.062242, 0.0289934, 3.19677, 0.930955, 1.81116
0.0628348, 0.0295479, 3.19785, 0.939793, 1.82789
0.0634276, 0.0301076, 3.19894, 0.948629, 1.84461
0.0640204, 0.0306725, 3.20004, 0.957465, 1.86131
0.0646131, 0.0312427, 3.20115, 0.9663, 1.878
0.0652059, 0.0318181, 3.20226, 0.975134, 1.89467
0.0657987, 0.0323988, 3.20339, 0.983967, 1.91132
0.0663915, 0.0329847, 3.20453, 0.992799, 1.92796
0.0669843, 0.0335758, 3.20568, 1.00163, 1.94458
0.067577, 0.0341722, 3.20684, 1.01046, 1.96119
0.0681698, 0.0347738, 3.208, 1.01929, 1.97778
0.0687626, 0.0353806, 3.20918, 1.02812, 1.99435
0.0693554, 0.0359927, 3.21037, 1.03694, 2.01091
0.0699482, 0.03661, 3.21156, 1.04577, 2.02744
0.0705409, 0.0372325, 3.21277, 1.05459, 2.04396
0.0711337, 0.0378603, 3.21399, 1.06342, 2.06047
0.0717265, 0.0384932, 3.21521, 1.07224, 2.07695
0.0723193, 0.0391315, 3.21645, 1.08106, 2.09342
0.0729121, 0.0397749, 3.2177, 1.08988, 2.10987
0.0735048, 0.0404236, 3.21895, 1.0987, 2.1263
0.0740976, 0.0410775, 3.22022, 1.10752, 2.14271
0.0746904, 0.0417366, 3.22149, 1.11633, 2.15911
0.0752832, 0.042401, 3.22278, 1.12515, 2.17548
0.075876, 0.0430705, 3.22407, 1.13396, 2.19184
0.0764688, 0.0437454, 3.22538, 1.14278, 2.20818
0.0770615, 0.0444254, 3.22669, 1.15159, 2.22449
0.0776543, 0.0451106, 3.22801, 1.1604, 2.24079
0.0782471, 0.0458011, 3.22935, 1.16921, 2.25707
0.0788399, 0.0464968, 3.23069, 1.17801, 2.27333
0.0794327, 0.0471977, 3.23204, 1.18682, 2.28957
0.0800254, 0.0479038, 3.2334, 1.19562, 2.30579
0.0806182, 0.0486152, 3.23477, 1.20443, 2.32198
0.081211, 0.0493318, 3.23616, 1.21323, 2.33816
0.0818038, 0.0500535, 3.23755, 1.22203, 2.35432
0.0823966, 0.0507806, 3.23895, 1.23083, 2.37045
0.0829893, 0.0515128, 3.24036, 1.23962, 2.38657
0.0835821, 0.0522502, 3.24178, 1.24842, 2.40266
0.0841749, 0.0529928, 3.24321, 1.25721, 2.41873
0.0847677, 0.0537407, 3.24464, 1.26601, 2.43478
0.0853605, 0.0544938, 3.24609, 1.2748, 2.45081
0.0859533, 0.0552521, 3.24755, 1.28359, 2.46681
0.086546, 0.0560156, 3.24902, 1.29238, 2.48279
0.0871388, 0.0567843, 3.25049, 1.30116, 2.49875
0.0877316, 0.0575582, 3.25198, 1.30995, 2.51469
0.0883244, 0.0583373, 3.25347, 1.31873, 2.5306
0.0889172, 0.0591216, 3.25498, 1.32751, 2.54649
0.0895099, 0.0599111, 3.25649, 1.33629, 2.56236
0.0901027, 0.0607059, 3.25802, 1.34507, 2.5782
0.0906955, 0.0615058, 3.25955, 1.35385, 2.59402
0.0912883, 0.0623109, 3.26109, 1.36262, 2.60982
0.0918811, 0.0631213, 3.26264, 1.3714, 2.62559
0.0924738, 0.0639368, 3.2642, 1.38017, 2.64134
0.0930666, 0.0647575, 3.26578, 1.38894, 2.65706
0.0936594, 0.0655835, 3.26736, 1.3977, 2.67276
0.0942522, 0.0664146, 3.26894, 1.40647, 2.68843
0.094845, 0.0672509, 3.27054, 1.41523, 2.70407
0.0954377, 0.0680924, 3.27215, 1.42399, 2.7197
0.0960305, 0.0689392, 3.27377, 1.43275, 2.73529
0.0966233, 0.0697911, 3.27539, 1.44151, 2.75086
0.0972161, 0.0706482, 3.27703, 1.45027, 2.76641
0.0978089, 0.0715104, 3.27867, 1.45902, 2.78192
0.0984017, 0.0723779, 3.28033, 1.46777, 2.79742
0.0989944, 0.0732506, 3.28199, 1.47652, 2.81288
0.0995872, 0.0741284, 3.28366, 1.48527, 2.82832
0.10018, 0.0750115, 3.28534, 1.49402, 2.84373
0.100773, 0.0758997, 3.28703, 1.50276, 2.85911
0.101366, 0.0767931, 3.28873, 1.5115, 2.87447
0.101958, 0.0776917, 3.29044, 1.52024, 2.88979
0.102551, 0.0785954, 3.29216, 1.52898, 2.90509
0.103144, 0.0795044, 3.29388, 1.53772, 2.92036
0.103737, 0.0804185, 3.29562, 1.54645, 2.93561
0.104329, 0.0813378, 3.29736, 1.55518, 2.95082
0.104922, 0.0822622, 3.29912, 1.56391, 2.96601
0.105515, 0.0831919, 3.30088, 1.57263, 2.98116
0.106108, 0.0841267, 3.30265, 1.58136, 2.99629
0.106701, 0.0850667, 3.30443, 1.59008, 3.01139
0.107293, 0.0860118, 3.30622, 1.5988, 3.02646
0.107886, 0.0869622, 3.30802, 1.60751, 3.0415
0.108479, 0.0879176, 3.30983, 1.61623, 3.0565
0.109072, 0.0888783, 3.31165, 1.62494, 3.07148
0.109664, 0.0898441, 3.31347, 1.63365, 3.08643
0.110257, 0.0908151, 3.3153, 1.64236, 3.10134
0.11085, 0.0917912, 3.31715, 1.65106, 3.11623
0.111443, 0.0927725, 3.319, 1.65976, 3.13108
0.112036, 0.093759, 3.32086, 1.66846, 3.14591
0.112628, 0.0947506, 3.32273, 1.67716, 3.1607
0.113221, 0.0957474, 3.32461, 1.68585, 3.17546
0.113814, 0.0967493, 3.32649, 1.69455, 3.19018
0.114407, 0.0977563, 3.32839, 1.70323, 3.20488
0.115, 0.0987686, 3.33029, 1.71192, 3.21954
0.115592, 0.0997859, 3.33221, 1.7206, 3.23417
0.116185, 0.100808, 3.33413, 1.72928, 3.24876
0.116778, 0.101836, 3.33606, 1.73796, 3.26333
0.117371, 0.102869, 3.338, 1.74664, 3.27786
0.117963, 0.103907, 3.33994, 1.75531, 3.29235
0.118556, 0.10495, 3.3419, 1.76398, 3.30681
0.119149, 0.105997, 3.34386, 1.76993, 3.316
0.119742, 0.107048, 3.34583, 1.77588, 3.32516
0.120335, 0.108103, 3.3478, 1.78183, 3.33429
0.120927, 0.109161, 3.34978, 1.78777, 3.34339
0.12152, 0.110222, 3.35177, 1.79371, 3.35245
0.122113, 0.111287, 3.35376, 1.79965, 3.36148
0.122706, 0.112356, 3.35575, 1.80559, 3.37048
0.123298, 0.113428, 3.35775, 1.81152, 3.37945
0.123891, 0.114504, 3.35976, 1.81745, 3.38839
0.124484, 0.115583, 3.36177, 1.82338, 3.39729
0.125077, 0.116665, 3.36379, 1.82931, 3.40616
0.12567, 0.117751, 3.36581, 1.83523, 3.415
0.126262, 0.118841, 3.36784, 1.84115, 3.4238
0.126855, 0.119934, 3.36987, 1.84707, 3.43257
0.127448, 0.121031, 3.37191, 1.85299, 3.44131
0.128041, 0.122131, 3.37395, 1.8589, 3.45002
0.128633, 0.123235, 3.376, 1.86481, 3.45869
0.129226, 0.124342, 3.37805, 1.87072, 3.46733
0.129819, 0.125453, 3.38011, 1.87663, 3.47593
0.130412, 0.126567, 3.38217, 1.88253, 3.48451
0.131005, 0.127684, 3.38424, 1.88843, 3.49304
0.131597, 0.128806, 3.38631, 1.89433, 3.50155
0.13219, 0.12993, 3.38839, 1.90022, 3.51002
0.132783, 0.131058, 3.39047, 1.90611, 3.51845
0.133376, 0.13219, 3.39256, 1.912, 3.52685
0.133969, 0.133325, 3.39465, 1.91789, 3.53522
0.134561, 0.134464, 3.39675, 1.92377, 3.54355
0.135154, 0.135606, 3.39885, 1.92965, 3.55185
0.135747, 0.136752, 3.40096, 1.93553, 3.56011
0.13634, 0.137901, 3.40308, 1.9414, 3.56833
0.136932, 0.139053, 3.40519, 1.94727, 3.57652
0.137525, 0.140209, 3.40732, 1.95314, 3.58468
0.138118, 0.141369, 3.40944, 1.95901, 3.5928
0.138711, 0.142532, 3.41158, 1.96487, 3.60089
0.139304, 0.143698, 3.41371, 1.97073, 3.60894
0.139896, 0.144868, 3.41585, 1.97659, 3.61695
0.140489, 0.146042, 3.418, 1.98244, 3.62493
0.141082, 0.147219, 3.42015, 1.98829, 3.63287
0.141675, 0.148399, 3.42231, 1.99414, 3.64078
0.142267, 0.149583, 3.42447, 1.99999, 3.64865
0.14286, 0.15077, 3.42663, 2.00583, 3.65648
0.143453, 0.151961, 3.4288, 2.01167, 3.66428
0.144046, 0.153155, 3.43098, 2.01751, 3.67204
0.144639, 0.154353, 3.43316, 2.02334, 3.67976
0.145231, 0.155554, 3.43534, 2.02917, 3.68745
0.145824, 0.156758, 3.43753, 2.035, 3.6951
0.146417, 0.157966, 3.43972, 2.04082, 3.70271
0.14701, 0.159178, 3.44192, 2.04664, 3.71029
0.147602, 0.160393, 3.44412, 2.05246, 3.71782
0.148195, 0.161611, 3.44633, 2.05828, 3.72533
0.148788, 0.162833, 3.44854, 2.06409, 3.73279
0.149381, 0.164058, 3.45075, 2.0699, 3.74021
0.149974, 0.165287, 3.45297, 2.0757, 3.7476
0.150566, 0.166519, 3.45519, 2.08151, 3.75495
0.151159, 0.167755, 3.45742, 2.08731, 3.76227
0.151752, 0.168994, 3.45965, 2.0931, 3.76954
0.152345, 0.170236, 3.46189, 2.0989, 3.77678
0.152938, 0.171482, 3.46413, 2.10469, 3.78397
0.15353, 0.172731, 3.46638, 2.11047, 3.79113
0.154123, 0.173984, 3.46863, 2.11626, 3.79825
0.154716, 0.17524, 3.47088, 2.12204, 3.80534
0.155309, 0.1765, 3.47314, 2.12781, 3.81238
0.155901, 0.177763, 3.4754, 2.13359, 3.81939
0.156494, 0.17903, 3.47767, 2.13936, 3.82635
0.157087, 0.180299, 3.47994, 2.14513, 3.83328
0.15768, 0.181573, 3.48221, 2.15089, 3.84017
0.158273, 0.182849, 3.48449, 2.15665, 3.84702
0.158865, 0.18413, 3.48677, 2.16241, 3.85383
0.159458, 0.185413, 3.48906, 2.16817, 3.8606
0.160051, 0.1867, 3.49135, 2.17392, 3.86733
0.160644, 0.18799, 3.49364, 2.17967, 3.87402
0.161236, 0.189284, 3.49594, 2.18541, 3.88067
0.161829, 0.190581, 3.49824, 2.19115, 3.88728
0.162422, 0.191882, 3.50055, 2.19689, 3.89385
0.163015, 0.193186, 3.50286, 2.20263, 3.90038
0.163608, 0.194493, 3.50517, 2.20836, 3.90687
0.1642, 0.195804, 3.50749, 2.21409, 3.91333
0.164793, 0.197118, 3.50981, 2.21981, 3.91974
0.165386, 0.198436, 3.51214, 2.22553, 3.92611
0.165979, 0.199757, 3.51447, 2.23125, 3.93244
0.166571, 0.201081, 3.5168, 2.23697, 3.93873
0.167164, 0.202409, 3.51914, 2.24268, 3.94498
0.167757, 0.20374, 3.52148, 2.24839, 3.95118
0.16835, 0.205074, 3.52382, 2.25409, 3.95735
0.168943, 0.206412, 3.52617, 2.25979, 3.96348
0.169535, 0.207754, 3.52852, 2.26549, 3.96956
0.170128, 0.209098, 3.53088, 2.27119, 3.97561
0.170721, 0.210446, 3.53323, 2.27688, 3.98161
0.171314, 0.211798, 3.5356, 2.28256, 3.98757
0.171907, 0.213152, 3.53796, 2.28825, 3.99349
0.172499, 0.21451, 3.54033, 2.29393, 3.99937
0.173092, 0.215872, 3.5427, 2.29961, 4.00521
0.173685, 0.217237, 3.54508, 2.30528, 4.01101
0.174278, 0.218605, 3.54746, 2.31095, 4.01676
0.17487, 0.219976, 3.54984, 2.31662, 4.02247
0.175463, 0.221351, 3.55223, 2.32228, 4.02815
0.176056, 0.22273, 3.55462, 2.32795, 4.03378
0.176649, 0.224111, 3.55701, 2.3336, 4.03936
0.177242, 0.225496, 3.55941, 2.33926, 4.04491
0.177834, 0.226885, 3.56181, 2.34491, 4.05041
0.178427, 0.228272, 3.5642, 2.33577, 4.02931
0.17902, 0.229654, 3.56658, 2.32663, 4.00821
0.179613, 0.23103, 3.56895, 2.3175, 3.98711
0.180205, 0.232401, 3.57131, 2.30836, 3.966
0.180798, 0.233767, 3.57365, 2.29923, 3.94488
0.181391, 0.235127, 3.57599, 2.2901, 3.92376
0.181984, 0.236482, 3.57831, 2.28097, 3.90264
0.182577, 0.237832, 3.58061, 2.27185, 3.88152
0.183169, 0.239176, 3.58291, 2.26272, 3.86039
0.183762, 0.240514, 3.58519, 2.2536, 3.83927
0.184355, 0.241847, 3.58746, 2.24448, 3.81813
0.184948, 0.243175, 3.58972, 2.23536, 3.797
0.18554, 0.244497, 3.59196, 2.22625, 3.77586
0.186133, 0.245814, 3.59419, 2.21713, 3.75472
0.186726, 0.247126, 3.59641, 2.20802, 3.73358
0.187319, 0.248432, 3.59862, 2.19891, 3.71244
0.187912, 0.249733, 3.60081, 2.1898, 3.6913
0.188504, 0.251028, 3.603, 2.18069, 3.67015
0.189097, 0.252318, 3.60516, 2.17159, 3.649
0.18969, 0.253603, 3.60732, 2.16249, 3.62785
0.190283, 0.254882, 3.60947, 2.15339, 3.60671
0.190875, 0.256156, 3.6116, 2.14429, 3.58555
0.191468, 0.257424, 3.61372, 2.13519, 3.5644
0.192061, 0.258687, 3.61582, 2.1261, 3.54325
0.192654, 0.259945, 3.61792, 2.117, 3.5221
0.193247, 0.261197, 3.62, 2.10791, 3.50095
0.193839, 0.262444, 3.62207, 2.09883, 3.47979
0.194432, 0.263685, 3.62412, 2.08974, 3.45864
0.195025, 0.264921, 3.62617, 2.08066, 3.43749
0.195618, 0.266152, 3.6282, 2.07158, 3.41633
0.196211, 0.267377, 3.63022, 2.0625, 3.39518
0.196803, 0.268597, 3.63223, 2.05342, 3.37403
0.197396, 0.269812, 3.63422, 2.04434, 3.35288
0.197989, 0.271021, 3.6362, 2.03527, 3.33173
0.198582, 0.272225, 3.63817, 2.0262, 3.31058
0.199174, 0.273423, 3.64012, 2.01713, 3.28943
0.199767, 0.274616, 3.64207, 2.00807, 3.26828
0.20036, 0.275804, 3.644, 1.999, 3.24713
0.200953, 0.276986, 3.64592, 1.98994, 3.22598
0.201546, 0.278163, 3.64782, 1.98088, 3.20484
0.202138, 0.279335, 3.64972, 1.97183, 3.18369
0.202731, 0.280501, 3.6516, 1.96277, 3.16255
0.203324, 0.281662, 3.65347, 1.95372, 3.14141
0.203917, 0.282817, 3.65532, 1.94467, 3.12027
0.204509, 0.283967, 3.65717, 1.93562, 3.09913
0.205102, 0.285112, 3.659, 1.92657, 3.07799
0.205695, 0.286251, 3.66082, 1.91753, 3.05686
0.206288, 0.287385, 3.66262, 1.90849, 3.03572
0.206881, 0.288514, 3.66441, 1.89945, 3.01459
0.207473, 0.289637, 3.6662, 1.89041, 2.99346
0.208066, 0.290755, 3.66796, 1.88138, 2.97233
0.208659, 0.291868, 3.66972, 1.87235, 2.95121
0.209252, 0.292975, 3.67146, 1.86332, 2.93009
0.209844, 0.294077, 3.67319, 1.85429, 2.90897
0.210437, 0.295173, 3.67491, 1.84526, 2.88785
0.21103, 0.296264, 3.67662, 1.83624, 2.86673
0.211623, 0.29735, 3.67831, 1.82722, 2.84562
0.212216, 0.298431, 3.67999, 1.8182, 2.82451
0.212808, 0.299506, 3.68166, 1.80919, 2.8034
0.213401, 0.300576, 3.68331, 1.80017, 2.7823
0.213994, 0.30164, 3.68496, 1.79116, 2.76119
0.214587, 0.302699, 3.68659, 1.78215, 2.74009
0.21518, 0.303753, 3.68821, 1.77314, 2.719
0.215772, 0.304801, 3.68981, 1.76414, 2.6979
0.216365, 0.305844, 3.6914, 1.75514, 2.67681
0.216958, 0.306882, 3.69298, 1.74614, 2.65572
0.217551, 0.307915, 3.69455, 1.73714, 2.63464
0.218143, 0.308942, 3.69611, 1.72814, 2.61356
0.218736, 0.309963, 3.69765, 1.71915, 2.59248
0.219329, 0.31098, 3.69918, 1.71016, 2.5714
0.219922, 0.311991, 3.7007, 1.70117, 2.55033
0.220515, 0.312997, 3.70221, 1.69218, 2.52926
0.221107, 0.313997, 3.7037, 1.68319, 2.50819
0.2217, 0.314992, 3.70518, 1.67421, 2.48713
0.222293, 0.315982, 3.70665, 1.66523, 2.46607
0.222886, 0.316966, 3.7081, 1.65625, 2.44501
0.223478, 0.317946, 3.70955, 1.64728, 2.42396
0.224071, 0.318919, 3.71098, 1.6383, 2.40291
0.224664, 0.319888, 3.71239, 1.62933, 2.38186
0.225257, 0.320851, 3.7138, 1.62036, 2.36082
0.22585, 0.321809, 3.71519, 1.61139, 2.33978
0.226442, 0.322761, 3.71657, 1.60243, 2.31874
0.227035, 0.323709, 3.71794, 1.59346, 2.29771
0.227628, 0.324651, 3.7193, 1.5845, 2.27668
0.228221, 0.325587, 3.72064, 1.57554, 2.25566
0.228813, 0.326518, 3.72197, 1.56659, 2.23464
0.229406, 0.327444, 3.72329, 1.55763, 2.21362
0.229999, 0.328365, 3.7246, 1.54868, 2.1926
0.230592, 0.329281, 3.72589, 1.53973, 2.17159
0.231185, 0.330191, 3.72717, 1.53078, 2.15058
0.231777, 0.331095, 3.72844, 1.52183, 2.12958
0.23237, 0.331995, 3.7297, 1.51289, 2.10858
0.232963, 0.332889, 3.73094, 1.50394, 2.08758
0.233556, 0.333778, 3.73217, 1.495, 2.06659
0.234149, 0.334661, 3.73339, 1.48606, 2.0456
0.234741, 0.33554, 3.7346, 1.47713, 2.02461
0.235334, 0.336413, 3.73579, 1.46819, 2.00363
0.235927, 0.33728, 3.73697, 1.45926, 1.98265
0.23652, 0.338143, 3.73814, 1.45033, 1.96167
0.237112, 0.339, 3.7393, 1.4414, 1.9407
0.237705, 0.339853, 3.74044, 1.43858, 1.92967
0.238298, 0.340705, 3.74159, 1.43576, 1.91863
0.238891, 0.341556, 3.74272, 1.43295, 1.90759
0.239484, 0.342404, 3.74385, 1.43013, 1.89655
0.240076, 0.343251, 3.74497, 1.42732, 1.88549
0.240669, 0.344096, 3.74608, 1.4245, 1.87443
0.241262, 0.34494, 3.74719, 1.42169, 1.86337
0.241855, 0.345782, 3.74829, 1.41888, 1.8523
0.242447, 0.346622, 3.74939, 1.41607, 1.84122
0.24304, 0.347461, 3.75047, 1.41326, 1.83013
0.243633, 0.348298, 3.75156, 1.41045, 1.81905
0.244226, 0.349133, 3.75263, 1.40764, 1.80795
0.244819, 0.349966, 3.7537, 1.40483, 1.79685
0.245411, 0.350798, 3.75476, 1.40202, 1.78575
0.246004, 0.351629, 3.75582, 1.39921, 1.77463
0.246597, 0.352457, 3.75686, 1.3964, 1.76352
0.24719, 0.353284, 3.75791, 1.3936, 1.7524
0.247782, 0.354109, 3.75894, 1.39079, 1.74127
0.248375, 0.354933, 3.75997, 1.38799, 1.73014
0.248968, 0.355755, 3.76099, 1.38518, 1.719
0.249561, 0.356575, 3.76201, 1.38238, 1.70786
0.250154, 0.357394, 3.76302, 1.37957, 1.69671
0.250746, 0.358211, 3.76402, 1.37677, 1.68555
0.251339, 0.359026, 3.76502, 1.37397, 1.6744
0.251932, 0.35984, 3.76601, 1.37117, 1.66323
0.252525, 0.360652, 3.76699, 1.36837, 1.65206
0.253118, 0.361462, 3.76796, 1.36557, 1.64089
0.25371, 0.362271, 3.76893, 1.36277, 1.62971
0.254303, 0.363078, 3.7699, 1.35997, 1.61853
0.254896, 0.363883, 3.77085, 1.35717, 1.60734
0.255489, 0.364687, 3.7718, 1.35437, 1.59615
0.256081, 0.365489, 3.77275, 1.35157, 1.58495
0.256674, 0.366289, 3.77368, 1.34878, 1.57375
0.257267, 0.367088, 3.77461, 1.34598, 1.56254
0.25786, 0.367885, 3.77553, 1.34319, 1.55133
0.258453, 0.36868, 3.77645, 1.34039, 1.54012
0.259045, 0.369474, 3.77736, 1.3376, 1.5289
0.259638, 0.370266, 3.77826, 1.33481, 1.51767
0.260231, 0.371056, 3.77916, 1.33201, 1.50644
0.260824, 0.371845, 3.78005, 1.32922, 1.49521
0.261416, 0.372632, 3.78093, 1.32643, 1.48397
0.262009, 0.373418, 3.78181, 1.32364, 1.47273
0.262602, 0.374201, 3.78268, 1.32085, 1.46149
0.263195, 0.374984, 3.78354, 1.31806, 1.45024
0.263788, 0.375764, 3.7844, 1.31527, 1.43898
0.26438, 0.376543, 3.78525, 1.31248, 1.42773
0.264973, 0.37732, 3.78609, 1.30969, 1.41646
0.265566, 0.378096, 3.78693, 1.30691, 1.4052
0.266159, 0.37887, 3.78776, 1.30412, 1.39393
0.266751, 0.379642, 3.78858, 1.30133, 1.38265
0.267344, 0.380412, 3.78939, 1.29855, 1.37138
0.267937, 0.381181, 3.7902, 1.29576, 1.36009
0.26853, 0.381949, 3.79101, 1.29298, 1.34881
0.269123, 0.382714, 3.7918, 1.29019, 1.33752
0.269715, 0.383478, 3.79259, 1.28741, 1.32623
0.270308, 0.384241, 3.79338, 1.28463, 1.31493
0.270901, 0.385001, 3.79415, 1.28185, 1.30363
0.271494, 0.38576, 3.79492, 1.27907, 1.29233
0.272086, 0.386518, 3.79568, 1.27628, 1.28102
0.272679, 0.387273, 3.79644, 1.2735, 1.26971
0.273272, 0.388027, 3.79719, 1.27072, 1.2584
0.273865, 0.38878, 3.79793, 1.26794, 1.24708
0.274458, 0.389531, 3.79867, 1.26517, 1.23576
0.27505, 0.39028, 3.7994, 1.26239, 1.22443
0.275643, 0.391027, 3.80012, 1.25961, 1.21311
0.276236, 0.391773, 3.80084, 1.25683, 1.20177
0.276829, 0.392517, 3.80154, 1.25406, 1.19044
0.277422, 0.39326, 3.80225, 1.25128, 1.1791
0.278014, 0.394001, 3.80294, 1.24851, 1.16776
0.278607, 0.39474, 3.80363, 1.24573, 1.15642
0.2792, 0.395478, 3.80431, 1.24296, 1.14507
0.279793, 0.396214, 3.80499, 1.24018, 1.13372
0.280385, 0.396948, 3.80566, 1.23741, 1.12237
0.280978, 0.397681, 3.80632, 1.23464, 1.11102
0.281571, 0.398412, 3.80697, 1.23186, 1.09966
0.282164, 0.399141, 3.80762, 1.22909, 1.0883
0.282757, 0.399869, 3.80826, 1.22632, 1.07693
0.283349, 0.400595, 3.8089, 1.22355, 1.06556
0.283942, 0.40132, 3.80953, 1.22078, 1.05419
0.284535, 0.402042, 3.81015, 1.21801, 1.04282
0.285128, 0.402764, 3.81076, 1.21524, 1.03145
0.28572, 0.403483, 3.81137, 1.21247, 1.02007
0.286313, 0.404201, 3.81197, 1.2097, 1.00869
0.286906, 0.404917, 3.81257, 1.20693, 0.997305
0.287499, 0.405632, 3.81316, 1.20417, 0.985919
0.288092, 0.406345, 3.81374, 1.2014, 0.974531
0.288684, 0.407056, 3.81431, 1.19863, 0.96314
0.289277, 0.407766, 3.81488, 1.19587, 0.951746
0.28987, 0.408474, 3.81544, 1.1931, 0.940351
0.290463, 0.40918, 3.81599, 1.19034, 0.928952
0.291055, 0.409885, 3.81654, 1.18757, 0.917552
0.291648, 0.410588, 3.81708, 1.18481, 0.906149
0.292241, 0.41129, 3.81762, 1.18204, 0.894744
0.292834, 0.41199, 3.81814, 1.17928, 0.883336
0.293427, 0.412688, 3.81866, 1.17652, 0.871926
0.294019, 0.413385, 3.81918, 1.17375, 0.860514
0.294612, 0.41408, 3.81968, 1.17099, 0.8491
0.295205, 0.414773, 3.82018, 1.16823, 0.837684
0.295798, 0.415465, 3.82068, 1.16547, 0.826266
0.296391, 0.416155, 3.82116, 1.16271, 0.814845
0.296983, 0.416841, 3.82164, 1.15388, 0.794137
0.297576, 0.417523, 3.8221, 1.14505, 0.773431
0.298169, 0.418199, 3.82256, 1.13623, 0.752727
0.298762, 0.41887, 3.823, 1.12741, 0.732025
0.299354, 0.419535, 3.82342, 1.11858, 0.711326
0.299947, 0.420196, 3.82384, 1.10976, 0.690628
0.30054, 0.420851, 3.82424, 1.10094, 0.669933
0.301133, 0.421501, 3.82463, 1.09212, 0.64924
0.301726, 0.422146, 3.82501, 1.0833, 0.628549
0.302318, 0.422785, 3.82538, 1.07448, 0.607859
0.302911, 0.42342, 3.82573, 1.06566, 0.587172
0.303504, 0.424049, 3.82608, 1.05684, 0.566486
0.304097, 0.424673, 3.8264, 1.04803, 0.545802
0.304689, 0.425291, 3.82672, 1.03921, 0.52512
0.305282, 0.425905, 3.82703, 1.0304, 0.504439
0.305875, 0.426513, 3.82732, 1.02158, 0.48376
0.306468, 0.427116, 3.8276, 1.01277, 0.463082
0.307061, 0.427714, 3.82787, 1.00395, 0.442405
0.307653, 0.428306, 3.82813, 0.995139, 0.42173
0.308246, 0.428893, 3.82837, 0.986326, 0.401056
0.308839, 0.429475, 3.8286, 0.977513, 0.380384
0.309432, 0.430052, 3.82882, 0.968701, 0.359712
0.310024, 0.430624, 3.82903, 0.959889, 0.339042
0.310617, 0.43119, 3.82922, 0.951078, 0.318373
0.31121, 0.431751, 3.8294, 0.942267, 0.297705
0.311803, 0.432307, 3.82958, 0.933457, 0.277037
0.312396, 0.432858, 3.82973, 0.924646, 0.256371
0.312988, 0.433404, 3.82988, 0.915836, 0.235705
0.313581, 0.433944, 3.83001, 0.907027, 0.21504
0.314174, 0.434479, 3.83013, 0.898217, 0.194375
0.314767, 0.435009, 3.83024, 0.889408, 0.173712
0.31536, 0.435533, 3.83034, 0.880599, 0.153048
0.315952, 0.436053, 3.83042, 0.87179, 0.132386
0.316545, 0.436567, 3.8305, 0.862982, 0.111723
0.317138, 0.437076, 3.83056, 0.854173, 0.0910612
0.317731, 0.43758, 3.83061, 0.845365, 0.0703994
0.318323, 0.438078, 3.83064, 0.836556, 0.0497379
0.318916, 0.438571, 3.83066, 0.827748, 0.0290765
0.319509, 0.43906, 3.83068, 0.81894, 0.00841518
0.320102, 0.439542, 3.83067, 0.810132, -0.0122461
0.320695, 0.44002, 3.83066, 0.801323, -0.0329074
0.321287, 0.440492, 3.83063, 0.792515, -0.0535688
0.32188, 0.44096, 3.8306, 0.783707, -0.0742304
0.322473, 0.441421, 3.83055, 0.774898, -0.0948922
0.323066, 0.441878, 3.83048, 0.76609, -0.115554
0.323658, 0.44233, 3.83041, 0.757281, -0.136217
0.324251, 0.442776, 3.83032, 0.748472, -0.15688
0.324844, 0.443217, 3.83022, 0.739663, -0.177543
0.325437, 0.443653, 3.83011, 0.730854, -0.198207
0.32603, 0.444084, 3.82999, 0.722044, -0.218871
0.326622, 0.444509, 3.82985, 0.713235, -0.239536
0.327215, 0.444929, 3.82971, 0.704425, -0.260202
0.327808, 0.445344, 3.82954, 0.695614, -0.280869
0.328401, 0.445754, 3.82937, 0.686804, -0.301537
0.328993, 0.446158, 3.82919, 0.677993, -0.322205
0.329586, 0.446558, 3.82899, 0.669181, -0.342875
0.330179, 0.446952, 3.82878, 0.66037, -0.363545
0.330772, 0.447341, 3.82856, 0.651557, -0.384217
0.331365, 0.447724, 3.82833, 0.642745, -0.40489
0.331957, 0.448103, 3.82808, 0.633932, -0.425564
0.33255, 0.448476, 3.82782, 0.625118, -0.446239
0.333143, 0.448844, 3.82755, 0.616304, -0.466916
0.333736, 0.449206, 3.82727, 0.607489, -0.487594
0.334329, 0.449564, 3.82697, 0.598674, -0.508273
0.334921, 0.449916, 3.82666, 0.589858, -0.528954
0.335514, 0.450263, 3.82634, 0.581042, -0.549637
0.336107, 0.450605, 3.82601, 0.572225, -0.570321
0.3367, 0.450942, 3.82567, 0.563407, -0.591008
0.337292, 0.451273, 3.82531, 0.554588, -0.611695
0.337885, 0.451599, 3.82494, 0.545769, -0.632385
0.338478, 0.45192, 3.82456, 0.536949, -0.653077
0.339071, 0.452236, 3.82417, 0.528129, -0.67377
0.339664, 0.452546, 3.82376, 0.519307, -0.694466
0.340256, 0.452851, 3.82335, 0.510485, -0.715164
0.340849, 0.453151, 3.82292, 0.501662, -0.735863
0.341442, 0.453446, 3.82247, 0.492838, -0.756565
0.342035, 0.453736, 3.82202, 0.484014, -0.77727
0.342627, 0.45402, 3.82155, 0.475188, -0.797976
0.34322, 0.454299, 3.82107, 0.466361, -0.818685
0.343813, 0.454573, 3.82058, 0.457534, -0.839396
0.344406, 0.454841, 3.82008, 0.448706, -0.86011
0.344999, 0.455105, 3.81956, 0.439876, -0.880826
0.345591, 0.455363, 3.81903, 0.431046, -0.901545
0.346184, 0.455616, 3.81849, 0.422214, -0.922267
0.346777, 0.455864, 3.81794, 0.413382, -0.942991
0.34737, 0.456106, 3.81737, 0.404548, -0.963718
0.347962, 0.456343, 3.8168, 0.395713, -0.984448
0.348555, 0.456575, 3.81621, 0.386878, -1.00518
0.349148, 0.456802, 3.81561, 0.378041, -1.02592
0.349741, 0.457023, 3.81499, 0.369202, -1.04665
0.350334, 0.45724, 3.81436, 0.360363, -1.0674
0.350926, 0.457451, 3.81373, 0.351523, -1.08814
0.351519, 0.457656, 3.81307, 0.342681, -1.10889
0.352112, 0.457857, 3.81241, 0.333838, -1.12964
0.352705, 0.458052, 3.81174, 0.324994, -1.15039
0.353297, 0.458242, 3.81105, 0.316148, -1.17115
0.35389, 0.458427, 3.81035, 0.307301, -1.19191
0.354483, 0.458606, 3.80963, 0.298453, -1.21267
0.355076, 0.458781, 3.80891, 0.289603, -1.23344
0.355669, 0.45895, 3.80817, 0.280752, -1.25421
0.356261, 0.459114, 3.80742, 0.2719, -1.27499
0.356854, 0.459272, 3.80666, 0.263046, -1.29576
0.357447, 0.459425, 3.80589, 0.254191, -1.31655
0.35804, 0.459573, 3.8051, 0.245334, -1.33733
0.358633, 0.459716, 3.8043, 0.236476, -1.35812
0.359225, 0.459854, 3.80349, 0.227616, -1.37891
0.359818, 0.459986, 3.80267, 0.218755, -1.39971
0.360411, 0.460113, 3.80183, 0.209892, -1.42051
0.361004, 0.460235, 3.80098, 0.201028, -1.44131
0.361596, 0.460352, 3.80012, 0.192162, -1.46212
0.362189, 0.460463, 3.79925, 0.183294, -1.48293
0.362782, 0.460569, 3.79836, 0.174425, -1.50375
0.363375, 0.46067, 3.79747, 0.165554, -1.52457
0.363968, 0.460765, 3.79656, 0.156682, -1.54539
0.36456, 0.460855, 3.79563, 0.147808, -1.56622
0.365153, 0.46094, 3.7947, 0.138932, -1.58705
0.365746, 0.46102, 3.79375, 0.130054, -1.60788
0.366339, 0.461095, 3.79279, 0.121175, -1.62872
0.366931, 0.461164, 3.79182, 0.112294, -1.64957
0.367524, 0.461228, 3.79084, 0.103411, -1.67042
0.368117, 0.461286, 3.78984, 0.0945265, -1.69127
0.36871, 0.46134, 3.78883, 0.08564, -1.71213
0.369303, 0.461388, 3.78781, 0.0767517, -1.73299
0.369895, 0.461431, 3.78678, 0.0678615, -1.75385
0.370488, 0.461468, 3.78573, 0.0589695, -1.77472
0.371081, 0.461501, 3.78467, 0.0500756, -1.7956
0.371674, 0.461528, 3.7836, 0.0411798, -1.81648
0.372266, 0.461549, 3.78252, 0.0322821, -1.83736
0.372859, 0.461566, 3.78142, 0.0233824, -1.85825
0.373452, 0.461577, 3.78032, 0.0144808, -1.87914
0.374045, 0.461583, 3.7792, 0.00557716, -1.90004
0.374638, 0.461584, 3.77806, -0.00332843, -1.92094
0.37523, 0.461579, 3.77692, -0.012236, -1.94184
0.375823, 0.461569, 3.77576, -0.0211456, -1.96275
0.376416, 0.461554, 3.77459, -0.0300573, -1.98367
0.377009, 0.461534, 3.77341, -0.038971, -2.00459
0.377602, 0.461508, 3.77222, -0.0478868, -2.02551
0.378194, 0.461477, 3.77101, -0.0568046, -2.04644
0.378787, 0.461441, 3.76979, -0.0657246, -2.06737
0.37938, 0.461399, 3.76856, -0.0746466, -2.08831
0.379973, 0.461352, 3.76731, -0.0835708, -2.10926
0.380565, 0.4613, 3.76606, -0.0924972, -2.1302
0.381158, 0.461242, 3.76479, -0.101426, -2.15115
0.381751, 0.46118, 3.76351, -0.110356, -2.17211
0.382344, 0.461112, 3.76221, -0.119289, -2.19307
0.382937, 0.461038, 3.76091, -0.128224, -2.21404
0.383529, 0.46096, 3.75959, -0.137161, -2.23501
0.384122, 0.460876, 3.75826, -0.146101, -2.25599
0.384715, 0.460786, 3.75691, -0.155043, -2.27697
0.385308, 0.460692, 3.75556, -0.163987, -2.29795
0.3859, 0.460592, 3.75419, -0.172933, -2.31894
0.386493, 0.460487, 3.75281, -0.181881, -2.33994
0.387086, 0.460376, 3.75141, -0.190832, -2.36094
0.387679, 0.46026, 3.75001, -0.199785, -2.38194
0.388272, 0.460139, 3.74859, -0.208741, -2.40295
0.388864, 0.460013, 3.74716, -0.217698, -2.42396
0.389457, 0.459881, 3.74572, -0.226659, -2.44498
0.39005, 0.459744, 3.74426, -0.235621, -2.466
0.390643, 0.459602, 3.74279, -0.244586, -2.48703
0.391235, 0.459454, 3.74131, -0.253553, -2.50806
0.391828, 0.459301, 3.73982, -0.262522, -2.5291
0.392421, 0.459143, 3.73831, -0.271494, -2.55014
0.393014, 0.458979, 3.7368, -0.280468, -2.57119
0.393607, 0.458811, 3.73527, -0.289445, -2.59224
0.394199, 0.458636, 3.73372, -0.298424, -2.61329
0.394792, 0.458457, 3.73217, -0.307406, -2.63435
0.395385, 0.458272, 3.7306, -0.31639, -2.65541
0.395978, 0.458082, 3.72902, -0.325376, -2.67648
0.396571, 0.457886, 3.72743, -0.334365, -2.69756
0.397163, 0.457685, 3.72582, -0.343356, -2.71863
0.397756, 0.457479, 3.7242, -0.35235, -2.73971
0.398349, 0.457268, 3.72257, -0.361346, -2.7608
0.398942, 0.457051, 3.72093, -0.370344, -2.78189
0.399534, 0.456828, 3.71928, -0.379345, -2.80299
0.400127, 0.456601, 3.71761, -0.388349, -2.82408
0.40072, 0.456368, 3.71593, -0.397355, -2.84519
0.401313, 0.45613, 3.71423, -0.406363, -2.86629
0.401906, 0.455886, 3.71253, -0.415374, -2.8874
0.402498, 0.455637, 3.71081, -0.424388, -2.90852
0.403091, 0.455383, 3.70908, -0.433404, -2.92964
0.403684, 0.455124, 3.70734, -0.442422, -2.95076
0.404277, 0.454859, 3.70558, -0.451443, -2.97189
0.404869, 0.454588, 3.70381, -0.460467, -2.99302
0.405462, 0.454313, 3.70203, -0.469493, -3.01416
0.406055, 0.454032, 3.70024, -0.478522, -3.03529
0.406648, 0.453745, 3.69844, -0.487553, -3.05644
0.407241, 0.453454, 3.69662, -0.496586, -3.07758
0.407833, 0.453157, 3.69479, -0.505622, -3.09873
0.408426, 0.452854, 3.69294, -0.514661, -3.11988
0.409019, 0.452546, 3.69109, -0.523702, -3.14104
0.409612, 0.452233, 3.68922, -0.532746, -3.1622
0.410204, 0.451915, 3.68734, -0.541792, -3.18336
0.410797, 0.451591, 3.68545, -0.55084, -3.20453
0.41139, 0.451262, 3.68354, -0.559891, -3.2257
0.411983, 0.450927, 3.68162, -0.568945, -3.24687
0.412576, 0.450587, 3.67969, -0.578001, -3.26805
0.413168, 0.450242, 3.67775, -0.58706, -3.28922
0.413761, 0.449891, 3.67579, -0.596121, -3.3104
0.414354, 0.449535, 3.67382, -0.605185, -3.33159
0.414947, 0.449174, 3.67184, -0.614251, -3.35277
0.41554, 0.448807, 3.66985, -0.62332, -3.37396
0.416132, 0.448435, 3.66784, -0.632391, -3.39515
0.416725, 0.448057, 3.66582, -0.641464, -3.41635
0.417318, 0.447674, 3.66379, -0.65054, -3.43754
0.417911, 0.447286, 3.66175, -0.659619, -3.45874
0.418503, 0.446892, 3.65969, -0.6687, -3.47994
0.419096, 0.446493, 3.65762, -0.677783, -3.50114
0.419689, 0.446089, 3.65554, -0.686869, -3.52235
0.420282, 0.445679, 3.65345, -0.695957, -3.54355
0.420875, 0.445264, 3.65134, -0.705048, -3.56476
0.421467, 0.444843, 3.64922, -0.714141, -3.58597
0.42206, 0.444417, 3.64709, -0.723237, -3.60718
0.422653, 0.443986, 3.64494, -0.732334, -3.62839
0.423246, 0.443549, 3.64279, -0.741435, -3.6496
0.423838, 0.443107, 3.64062, -0.750537, -3.67082
0.424431, 0.442659, 3.63843, -0.759642, -3.69203
0.425024, 0.442206, 3.63624, -0.76875, -3.71324
0.425617, 0.441748, 3.63403, -0.777859, -3.73446
0.42621, 0.441284, 3.63181, -0.786971, -3.75568
0.426802, 0.440815, 3.62958, -0.796085, -3.77689
0.427395, 0.44034, 3.62733, -0.805202, -3.79811
0.427988, 0.43986, 3.62508, -0.814321, -3.81932
0.428581, 0.439375, 3.62281, -0.823442, -3.84054
0.429173, 0.438884, 3.62052, -0.832565, -3.86176
0.429766, 0.438387, 3.61823, -0.841691, -3.88297
0.430359, 0.437886, 3.61592, -0.850818, -3.90419
0.430952, 0.437379, 3.6136, -0.859948, -3.9254
0.431545, 0.436866, 3.61127, -0.86908, -3.94661
0.432137, 0.436348, 3.60892, -0.878215, -3.96783
0.43273, 0.435825, 3.60656, -0.887351, -3.98904
0.433323, 0.435296, 3.60419, -0.896489, -4.01025
0.433916, 0.434762, 3.60181, -0.90563, -4.03146
0.434508, 0.434223, 3.59941, -0.914772, -4.05266
0.435101, 0.433678, 3.597, -0.923917, -4.07387
0.435694, 0.433127, 3.59458, -0.933064, -4.09507
0.436287, 0.432572, 3.59215, -0.942212, -4.11627
0.43688, 0.43201, 3.5897, -0.951363, -4.13746
0.437472, 0.431444, 3.58724, -0.960515, -4.15866
0.438065, 0.430872, 3.58477, -0.96967, -4.17985
0.438658, 0.430294, 3.58229, -0.978826, -4.20104
0.439251, 0.429711, 3.57979, -0.987984, -4.22222
0.439844, 0.429123, 3.57728, -0.997144, -4.24341
0.440436, 0.428529, 3.57476, -1.00631, -4.26458
0.441029, 0.42793, 3.57222, -1.01547, -4.28576
0.441622, 0.427325, 3.56968, -1.02463, -4.30693
0.442215, 0.426715, 3.56712, -1.0338, -4.32809
0.442807, 0.426099, 3.56455, -1.04297, -4.34925
0.4434, 0.425478, 3.56196, -1.05214, -4.37041
0.443993, 0.424852, 3.55937, -1.06131, -4.39156
0.444586, 0.42422, 3.55676, -1.07049, -4.41271
0.445179, 0.423583, 3.55413, -1.07966, -4.43385
0.445771, 0.42294, 3.5515, -1.08884, -4.45498
0.446364, 0.422292, 3.54885, -1.09802, -4.47611
0.446957, 0.421638, 3.54619, -1.1072, -4.49723
0.44755, 0.420979, 3.54352, -1.11638, -4.51834
0.448142, 0.420315, 3.54084, -1.12556, -4.53945
0.448735, 0.419645, 3.53814, -1.13474, -4.56055
0.449328, 0.41897, 3.53543, -1.14393, -4.58165
0.449921, 0.418289, 3.53271, -1.15311, -4.60274
0.450514, 0.417602, 3.52997, -1.1623, -4.62381
0.451106, 0.416911, 3.52723, -1.17149, -4.64489
0.451699, 0.416214, 3.52447, -1.18068, -4.66595
0.452292, 0.415511, 3.52169, -1.18987, -4.687
0.452885, 0.414803, 3.51891, -1.19906, -4.70805
0.453477, 0.414089, 3.51611, -1.20826, -4.72908
0.45407, 0.41337, 3.5133, -1.21745, -4.75011
0.454663, 0.412646, 3.51048, -1.22665, -4.77112
0.455256, 0.411916, 3.50765, -1.23584, -4.79213
0.455849, 0.411181, 3.5048, -1.24504, -4.81312
0.456441, 0.41044, 3.50194, -1.25424, -4.83411
0.457034, 0.409694, 3.49907, -1.26343, -4.85508
0.457627, 0.408942, 3.49618, -1.27263, -4.87604
0.45822, 0.408185, 3.49329, -1.28183, -4.897
0.458813, 0.407423, 3.49038, -1.29103, -4.91793
0.459405, 0.406655, 3.48746, -1.30023, -4.93886
0.459998, 0.405881, 3.48452, -1.30943, -4.95977
0.460591, 0.405102, 3.48158, -1.31863, -4.98067
0.461184, 0.404318, 3.47862, -1.32784, -5.00156
0.461776, 0.403528, 3.47565, -1.33704, -5.02244
0.462369, 0.402733, 3.47266, -1.34624, -5.04329
0.462962, 0.401932, 3.46967, -1.35544, -5.06414
0.463555, 0.401126, 3.46666, -1.36465, -5.08497
0.464148, 0.400314, 3.46364, -1.37385, -5.10579
0.46474, 0.399497, 3.46061, -1.38305, -5.12659
0.465333, 0.398674, 3.45756, -1.39226, -5.14737
0.465926, 0.397846, 3.4545, -1.40146, -5.16814
0.466519, 0.397013, 3.45143, -1.41066, -5.18889
0.467111, 0.396174, 3.44835, -1.41986, -5.20962
0.467704, 0.395329, 3.44526, -1.42907, -5.23034
0.468297, 0.39448, 3.44215, -1.43827, -5.25104
0.46889, 0.393624, 3.43903, -1.44747, -5.27172
0.469483, 0.392764, 3.4359, -1.45667, -5.29238
0.470075, 0.391897, 3.43276, -1.46587, -5.31303
0.470668, 0.391026, 3.4296, -1.47507, -5.33365
0.471261, 0.390149, 3.42643, -1.48427, -5.35426
0.471854, 0.389266, 3.42325, -1.49347, -5.37484
0.472446, 0.388378, 3.42006, -1.50267, -5.39541
0.473039, 0.387484, 3.41686, -1.51186, -5.41595
0.473632, 0.386586, 3.41364, -1.52106, -5.43647
0.474225, 0.385681, 3.41041, -1.53025, -5.45697
0.474818, 0.384771, 3.40717, -1.53945, -5.47745
0.47541, 0.383856, 3.40392, -1.54864, -5.49791
0.476003, 0.382935, 3.40065, -1.55783, -5.51834
0.476596, 0.382009, 3.39738, -1.56702, -5.53875
0.477189, 0.381077, 3.39409, -1.57621, -5.55913
0.477782, 0.38014, 3.39079, -1.5854, -5.5795
0.478374, 0.379198, 3.38747, -1.59458, -5.59983
0.478967, 0.37825, 3.38415, -1.60377, -5.62014
0.47956, 0.377297, 3.38081, -1.61295, -5.64043
0.480153, 0.376338, 3.37746, -1.62213, -5.66069
0.480745, 0.375373, 3.3741, -1.63131, -5.68092
0.481338, 0.374404, 3.37072, -1.64049, -5.70112
0.481931, 0.373429, 3.36734, -1.64966, -5.7213
0.482524, 0.372448, 3.36394, -1.65883, -5.74145
0.483117, 0.371462, 3.36053, -1.66801, -5.76157
0.483709, 0.37047, 3.35711, -1.67717, -5.78166
0.484302, 0.369473, 3.35368, -1.68634, -5.80172
0.484895, 0.368471, 3.35023, -1.6955, -5.82175
0.485488, 0.367463, 3.34678, -1.70467, -5.84176
0.48608, 0.36645, 3.34331, -1.71382, -5.86173
0.486673, 0.365431, 3.33983, -1.72298, -5.88166
0.487266, 0.364407, 3.33633, -1.73213, -5.90157
0.487859, 0.363378, 3.33283, -1.74128, -5.92144
0.488452, 0.362343, 3.32931, -1.75043, -5.94129
0.489044, 0.361303, 3.32579, -1.75958, -5.96109
0.489637, 0.360257, 3.32225, -1.76872, -5.98087
0.49023, 0.359206, 3.31869, -1.77786, -6.0006
0.490823, 0.358149, 3.31513, -1.78699, -6.02031
0.491415, 0.357087, 3.31156, -1.79612, -6.03998
0.492008, 0.35602, 3.30797, -1.80525, -6.05961
0.492601, 0.354947, 3.30437, -1.81438, -6.0792
0.493194, 0.353869, 3.30076, -1.8235, -6.09876
0.493787, 0.352785, 3.29714, -1.83261, -6.11828
0.494379, 0.351696, 3.29351, -1.84173, -6.13776
0.494972, 0.350602, 3.28987, -1.85084, -6.1572
0.495565, 0.349502, 3.28621, -1.85994, -6.1766
0.496158, 0.348397, 3.28254, -1.86904, -6.19597
0.496751, 0.347286, 3.27887, -1.87814, -6.21529
0.497343, 0.34617, 3.27517, -1.88723, -6.23457
0.497936, 0.345048, 3.27147, -1.89632, -6.25381
0.498529, 0.343922, 3.26776, -1.90541, -6.273
0.499122, 0.342789, 3.26404, -1.91448, -6.29216
0.499714, 0.341652, 3.2603, -1.92356, -6.31127
0.500307, 0.340509, 3.25655, -1.93263, -6.33034
0.5009, 0.339361, 3.2528, -1.94169, -6.34936
0.501493, 0.338207, 3.24903, -1.95075, -6.36833
0.502086, 0.337048, 3.24525, -1.95981, -6.38726
0.502678, 0.335884, 3.24145, -1.96886, -6.40615
0.503271, 0.334714, 3.23765, -1.9779, -6.42499
0.503864, 0.333539, 3.23384, -1.98694, -6.44378
0.504457, 0.332358, 3.23001, -1.99597, -6.46252
0.505049, 0.331172, 3.22618, -2.005, -6.48121
0.505642, 0.329981, 3.22233, -2.01402, -6.49985
0.506235, 0.328784, 3.21847, -2.02304, -6.51845
0.506828, 0.327583, 3.2146, -2.03205, -6.53699
0.507421, 0.326375, 3.21072, -2.04105, -6.55548
0.508013, 0.325163, 3.20683, -2.05005, -6.57392
0.508606, 0.323945, 3.20293, -2.05904, -6.59231
0.509199, 0.322722, 3.19901, -2.06803, -6.61065
0.509792, 0.321493, 3.19509, -2.077, -6.62893
0.510384, 0.320259, 3.19115, -2.08598, -6.64715
0.510977, 0.31902, 3.18721, -2.09494, -6.66533
0.51157, 0.317776, 3.18325, -2.1039, -6.68345
0.512163, 0.316526, 3.17928, -2.11285, -6.70151
0.512756, 0.315271, 3.17531, -2.1218, -6.71951
0.513348, 0.31401, 3.17132, -2.13073, -6.73746
0.513941, 0.312745, 3.16732, -2.13966, -6.75535
0.514534, 0.311474, 3.16331, -2.14859, -6.77318
0.515127, 0.310197, 3.15929, -2.1575, -6.79095
0.51572, 0.308916, 3.15526, -2.16641, -6.80866
0.516312, 0.307629, 3.15122, -2.17531, -6.82632
0.516905, 0.306337, 3.14716, -2.1842, -6.84391
0.517498, 0.305039, 3.1431, -2.19309, -6.86144
0.518091, 0.303737, 3.13903, -2.20196, -6.87891
0.518683, 0.302429, 3.13495, -2.21083, -6.89631
0.519276, 0.301116, 3.13085, -2.21969, -6.91365
0.519869, 0.299797, 3.12675, -2.22854, -6.93093
0.520462, 0.298474, 3.12264, -2.23739, -6.94814
0.521055, 0.297145, 3.11851, -2.24622, -6.96529
0.521647, 0.295811, 3.11438, -2.25505, -6.98237
0.52224, 0.294471, 3.11024, -2.26387, -6.99939
0.522833, 0.293127, 3.10608, -2.27268, -7.01634
0.523426, 0.291777, 3.10192, -2.28148, -7.03322
0.524018, 0.290422, 3.09774, -2.29027, -7.05003
0.524611, 0.289062, 3.09356, -2.29905, -7.06677
0.525204, 0.287696, 3.08936, -2.30782, -7.08345
0.525797, 0.286325, 3.08516, -2.31659, -7.10005
0.52639, 0.28495, 3.08095, -2.32534, -7.11658
0.526982, 0.283569, 3.07672, -2.33409, -7.13305
0.527575, 0.282182, 3.07249, -2.34282, -7.14944
0.528168, 0.280791, 3.06825, -2.35154, -7.16575
0.528761, 0.279395, 3.06399, -2.36026, -7.182
0.529353, 0.277993, 3.05973, -2.36896, -7.19817
0.529946, 0.276586, 3.05546, -2.37766, -7.21426
0.530539, 0.275174, 3.05118, -2.38634, -7.23028
0.531132, 0.273757, 3.04689, -2.39502, -7.24623
0.531725, 0.272335, 3.04259, -2.40368, -7.26209
0.532317, 0.270907, 3.03828, -2.41234, -7.27789
0.53291, 0.269475, 3.03396, -2.42098, -7.2936
0.533503, 0.268037, 3.02963, -2.42961, -7.30924
0.534096, 0.266594, 3.0253, -2.43823, -7.32479
0.534688, 0.265146, 3.02095, -2.44685, -7.34027
0.535281, 0.263693, 3.01659, -2.45545, -7.35567
0.535874, 0.262235, 3.01223, -2.46403, -7.37099
0.536467, 0.260772, 3.00785, -2.47261, -7.38623
0.53706, 0.259304, 3.00347, -2.48118, -7.40138
0.537652, 0.25783, 2.99908, -2.48973, -7.41646
0.538245, 0.256352, 2.99468, -2.49828, -7.43145
0.538838, 0.254868, 2.99027, -2.50681, -7.44636
0.539431, 0.25338, 2.98585, -2.51533, -7.46118
0.540024, 0.251886, 2.98142, -2.52384, -7.47592
0.540616, 0.250388, 2.97699, -2.53233, -7.49058
0.541209, 0.248884, 2.97254, -2.54082, -7.50515
0.541802, 0.247376, 2.96809, -2.54929, -7.51963
0.542395, 0.245862, 2.96363, -2.55775, -7.53403
0.542987, 0.244343, 2.95916, -2.5662, -7.54834
0.54358, 0.242819, 2.95468, -2.57464, -7.56256
0.544173, 0.241291, 2.95019, -2.58306, -7.5767
0.544766, 0.239757, 2.9457, -2.59147, -7.59074
0.545359, 0.238218, 2.94119, -2.59987, -7.6047
0.545951, 0.236675, 2.93668, -2.60826, -7.61857
0.546544, 0.235126, 2.93216, -2.61663, -7.63234
0.547137, 0.233573, 2.92763, -2.62499, -7.64603
0.54773, 0.232014, 2.9231, -2.63334, -7.65962
0.548322, 0.230451, 2.91855, -2.64168, -7.67313
0.548915, 0.228882, 2.914, -2.65, -7.68654
0.549508, 0.227309, 2.90944, -2.65831, -7.69986
0.550101, 0.225731, 2.90487, -2.66661, -7.71308
0.550694, 0.224147, 2.90029, -2.67489, -7.72622
0.551286, 0.222559, 2.89571, -2.68316, -7.73925
0.551879, 0.220966, 2.89112, -2.69142, -7.7522
0.552472, 0.219369, 2.88652, -2.69966, -7.76505
0.553065, 0.217766, 2.88191, -2.70789, -7.7778
0.553657, 0.216158, 2.8773, -2.71611, -7.79045
0.55425, 0.214546, 2.87268, -2.72431, -7.80302
0.554843, 0.212928, 2.86805, -2.7325, -7.81548
0.555436, 0.211306, 2.86341, -2.74067, -7.82785
0.556029, 0.209679, 2.85877, -2.74883, -7.84011
0.556621, 0.208047, 2.85412, -2.75698, -7.85229
0.557214, 0.206411, 2.84946, -2.76512, -7.86436
0.557807, 0.204769, 2.84479, -2.77323, -7.87633
0.5584, 0.203123, 2.84012, -2.78134, -7.88821
0.558993, 0.201472, 2.83544, -2.78943, -7.89998
0.559585, 0.199816, 2.83075, -2.79751, -7.91165
0.560178, 0.198155, 2.82606, -2.80557, -7.92323
0.560771, 0.196489, 2.82136, -2.81362, -7.9347
0.561364, 0.194819, 2.81665, -2.82166, -7.94607
0.561956, 0.193144, 2.81194, -2.82968, -7.95735
0.562549, 0.191464, 2.80722, -2.83769, -7.96851
0.563142, 0.18978, 2.80249, -2.84568, -7.97958
0.563735, 0.188091, 2.79776, -2.85365, -7.99054
0.564328, 0.186397, 2.79302, -2.86162, -8.00141
0.56492, 0.184698, 2.78827, -2.86957, -8.01216
0.565513, 0.182995, 2.78352, -2.8775, -8.02282
0.566106, 0.181287, 2.77876, -2.88542, -8.03337
0.566699, 0.179574, 2.774, -2.89333, -8.04382
0.567291, 0.177856, 2.76922, -2.90122, -8.05416
0.567884, 0.176134, 2.76445, -2.90909, -8.06439
0.568477, 0.174408, 2.75966, -2.91695, -8.07453
0.56907, 0.172676, 2.75487, -2.9248, -8.08455
0.569663, 0.17094, 2.75008, -2.93263, -8.09448
0.570255, 0.169199, 2.74528, -2.94045, -8.10429
0.570848, 0.167454, 2.74047, -2.94825, -8.114
0.571441, 0.165704, 2.73566, -2.95604, -8.1236
0.572034, 0.163949, 2.73084, -2.96381, -8.1331
0.572626, 0.16219, 2.72602, -2.97157, -8.14249
0.573219, 0.160426, 2.72119, -2.97931, -8.15177
0.573812, 0.158658, 2.71635, -2.98704, -8.16095
0.574405, 0.156885, 2.71151, -2.99475, -8.17002
0.574998, 0.155108, 2.70667, -3.00245, -8.17898
0.57559, 0.153325, 2.70181, -3.01014, -8.18783
0.576183, 0.151539, 2.69696, -3.0178, -8.19658
0.576776, 0.149748, 2.6921, -3.02546, -8.20522
0.577369, 0.147952, 2.68723, -3.0331, -8.21375
0.577962, 0.146152, 2.68236, -3.04072, -8.22217
0.578554, 0.144347, 2.67748, -3.04833, -8.23048
0.579147, 0.142538, 2.6726, -3.05593, -8.23868
0.57974, 0.140724, 2.66772, -3.0635, -8.24678
0.580333, 0.138906, 2.66282, -3.07107, -8.25476
0.580925, 0.137083, 2.65793, -3.07862, -8.26264
0.581518, 0.135256, 2.65303, -3.08616, -8.2704
0.582111, 0.133424, 2.64812, -3.09368, -8.27806
0.582704, 0.131588, 2.64321, -3.10118, -8.28561
0.583297, 0.129748, 2.6383, -3.10867, -8.29305
0.583889, 0.127903, 2.63338, -3.11615, -8.30038
0.584482, 0.126053, 2.62846, -3.12361, -8.3076
0.585075, 0.124199, 2.62353, -3.13106, -8.3147
0.585668, 0.122341, 2.6186, -3.13849, -8.3217
0.58626, 0.120479, 2.61367, -3.14591, -8.32859
0.586853, 0.118612, 2.60873, -3.15331, -8.33537
0.587446, 0.11674, 2.60379, -3.1607, -8.34204
0.588039, 0.114864, 2.59884, -3.16807, -8.3486
0.588632, 0.112984, 2.59389, -3.17543, -8.35505
0.589224, 0.1111, 2.58893, -3.18278, -8.36139
0.589817, 0.109211, 2.58397, -3.19011, -8.36762
0.59041, 0.107318, 2.57901, -3.19742, -8.37374
0.591003, 0.10542, 2.57405, -3.20472, -8.37975
0.591595, 0.103518, 2.56908, -3.21201, -8.38565
0.592188, 0.101612, 2.56411, -3.21928, -8.39144
0.592781, 0.0997015, 2.55913, -3.22654, -8.39712
0.593374, 0.0977894, 2.55415, -3.22471, -8.38778
0.593967, 0.0958784, 2.54919, -3.22286, -8.3784
0.594559, 0.0939685, 2.54422, -3.22101, -8.36897
0.595152, 0.0920597, 2.53926, -3.21916, -8.3595
0.595745, 0.090152, 2.53431, -3.2173, -8.34997
0.596338, 0.0882454, 2.52936, -3.21543, -8.34041
0.596931, 0.0863399, 2.52442, -3.21356, -8.33079
0.597523, 0.0844355, 2.51949, -3.21168, -8.32114
0.598116, 0.0825323, 2.51456, -3.2098, -8.31144
0.598709, 0.0806301, 2.50963, -3.20791, -8.3017
0.599302, 0.0787291, 2.50472, -3.20602, -8.29191
0.599894, 0.0768292, 2.4998, -3.20412, -8.28208
0.600487, 0.0749304, 2.4949, -3.20222, -8.27221
0.60108, 0.0730327, 2.49, -3.20031, -8.2623
0.601673, 0.0711362, 2.4851, -3.1984, -8.25235
0.602266, 0.0692408, 2.48021, -3.19649, -8.24236
0.602858, 0.0673466, 2.47533, -3.19456, -8.23233
0.603451, 0.0654535, 2.47045, -3.19264, -8.22226
0.604044, 0.0635615, 2.46558, -3.19071, -8.21215
0.604637, 0.0616707, 2.46072, -3.18878, -8.202
0.605229, 0.059781, 2.45586, -3.18684, -8.19182
0.605822, 0.0578925, 2.451, -3.1849, -8.1816
0.606415, 0.0560051, 2.44616, -3.18295, -8.17134
0.607008, 0.0541189, 2.44132, -3.18101, -8.16104
0.607601, 0.0522339, 2.43648, -3.17905, -8.15071
0.608193, 0.05035, 2.43165, -3.1771, -8.14035
0.608786, 0.0484672, 2.42683, -3.17514, -8.12995
0.609379, 0.0465856, 2.42201, -3.17318, -8.11951
0.609972, 0.0447052, 2.4172, -3.17121, -8.10905
0.610564, 0.042826, 2.4124, -3.16925, -8.09855
0.611157, 0.0409479, 2.4076, -3.16728, -8.08801
0.61175, 0.039071, 2.40281, -3.1653, -8.07745
0.612343, 0.0371952, 2.39803, -3.16333, -8.06685
0.612936, 0.0353206, 2.39325, -3.16135, -8.05622
0.613528, 0.0334472, 2.38848, -3.15937, -8.04556
0.614121, 0.031575, 2.38371, -3.15738, -8.03487
0.614714, 0.029704, 2.37895, -3.1554, -8.02415
0.615307, 0.0278341, 2.3742, -3.15341, -8.0134
0.615899, 0.0259654, 2.36945, -3.15142, -8.00262
0.616492, 0.0240979, 2.36471, -3.14943, -7.99181
0.617085, 0.0222315, 2.35998, -3.14744, -7.98098
0.617678, 0.0203664, 2.35525, -3.14544, -7.97011
0.618271, 0.0185024, 2.35053, -3.14345, -7.95922
0.618863, 0.0166396, 2.34581, -3.14145, -7.9483
0.619456, 0.014778, 2.3411, -3.13945, -7.93736
0.620049, 0.0129176, 2.3364, -3.13745, -7.92639
0.620642, 0.0110584, 2.33171, -3.13544, -7.91539
0.621235, 0.00920037, 2.32702, -3.13344, -7.90437
0.621827, 0.00734352, 2.32233, -3.13144, -7.89332
0.62242, 0.00548786, 2.31766, -3.12943, -7.88225
0.623013, 0.00363339, 2.31299, -3.12743, -7.87116
0.623606, 0.0017801, 2.30833, -3.12542, -7.86004
0.624198, -7.19905e-05, 2.30367, -3.12341, -7.8489
0.624791, -0.00192289, 2.29902, -3.1214, -7.83773
0.625384, -0.00377261, 2.29438, -3.11939, -7.82655
0.625977, -0.00562113, 2.28974, -3.11738, -7.81534
0.62657, -0.00746846, 2.28511, -3.11537, -7.80411
0.627162, -0.0093146, 2.28049, -3.11336, -7.79286
0.627755, -0.0111595, 2.27587, -3.11135, -7.78159
0.628348, -0.0130033, 2.27127, -3.10934, -7.7703
0.628941, -0.0148459, 2.26666, -3.10733, -7.75898
0.629533, -0.0166872, 2.26207, -3.10532, -7.74765
0.630126, -0.0185274, 2.25748, -3.10331, -7.7363
0.630719, -0.0203664, 2.25289, -3.10131, -7.72493
0.631312, -0.0222042, 2.24832, -3.0993, -7.71354
0.631905, -0.0240408, 2.24375, -3.09729, -7.70213
0.632497, -0.0258762, 2.23919, -3.09528, -7.69071
0.63309, -0.0277105, 2.23463, -3.09327, -7.67927
0.633683, -0.0295435, 2.23008, -3.09126, -7.66781
0.634276, -0.0313754, 2.22554, -3.08926, -7.65633
0.634868, -0.033206, 2.22101, -3.08725, -7.64484
0.635461, -0.0350355, 2.21648, -3.08525, -7.63333
0.636054, -0.0368638, 2.21196, -3.08324, -7.62181
0.636647, -0.0386909, 2.20744, -3.08124, -7.61027
0.63724, -0.0405168, 2.20293, -3.07924, -7.59871
0.637832, -0.0423415, 2.19843, -3.07724, -7.58714
0.638425, -0.044165, 2.19394, -3.07524, -7.57556
0.639018, -0.0459874, 2.18945, -3.07324, -7.56396
0.639611, -0.0478086, 2.18497, -3.07125, -7.55235
0.640204, -0.0496285, 2.1805, -3.06925, -7.54072
0.640796, -0.0514473, 2.17603, -3.06726, -7.52908
0.641389, -0.053265, 2.17157, -3.06527, -7.51743
0.641982, -0.0550814, 2.16712, -3.06328, -7.50577
0.642575, -0.0568967, 2.16267, -3.06129, -7.49409
0.643167, -0.0587108, 2.15823, -3.0593, -7.4824
0.64376, -0.0605237, 2.1538, -3.05732, -7.4707
0.644353, -0.0623354, 2.14938, -3.05534, -7.45899
0.644946, -0.064146, 2.14496, -3.05336, -7.44727
0.645539, -0.0659553, 2.14055, -3.05138, -7.43553
0.646131, -0.0677636, 2.13614, -3.0494, -7.42379
0.646724, -0.0695706, 2.13175, -3.04743, -7.41204
0.647317, -0.0713765, 2.12736, -3.04546, -7.40027
0.64791, -0.0731812, 2.12297, -3.04349, -7.3885
0.648502, -0.0749847, 2.1186, -3.04152, -7.37671
0.649095, -0.0767871, 2.11423, -3.03955, -7.36492
0.649688, -0.0785883, 2.10987, -3.03759, -7.35312
0.650281, -0.0803883, 2.10551, -3.03563, -7.34131
0.650874, -0.0821872, 2.10116, -3.03368, -7.32949
0.651466, -0.0839849, 2.09682, -3.03172, -7.31767
0.652059, -0.0857815, 2.09249, -3.02977, -7.30583
0.652652, -0.0875746, 2.08816, -3.02, -7.28635
0.653245, -0.0893619, 2.08385, -3.01024, -7.26692
0.653837, -0.0911434, 2.07955, -3.00049, -7.24755
0.65443, -0.0929192, 2.07526, -2.99075, -7.22824
0.655023, -0.0946892, 2.07098, -2.98101, -7.20898
0.655616, -0.0964534, 2.06671, -2.97128, -7.18977
0.656209, -0.0982118, 2.06245, -2.96156, -7.17062
0.656801, -0.0999645, 2.05821, -2.95185, -7.15153
0.657394, -0.101711, 2.05397, -2.94215, -7.1325
0.657987, -0.103453, 2.04975, -2.93246, -7.11352
0.65858, -0.105188, 2.04554, -2.92277, -7.0946
0.659173, -0.106918, 2.04134, -2.91309, -7.07573
0.659765, -0.108642, 2.03715, -2.90342, -7.05692
0.660358, -0.11036, 2.03297, -2.89376, -7.03817
0.660951, -0.112072, 2.02881, -2.88411, -7.01948
0.661544, -0.113779, 2.02465, -2.87446, -7.00084
0.662136, -0.11548, 2.02051, -2.86482, -6.98226
0.662729, -0.117176, 2.01637, -2.8552, -6.96374
0.663322, -0.118865, 2.01225, -2.84558, -6.94527
0.663915, -0.120549, 2.00814, -2.83596, -6.92686
0.664508, -0.122227, 2.00404, -2.82636, -6.90851
0.6651, -0.1239, 1.99995, -2.81676, -6.89021
0.665693, -0.125567, 1.99587, -2.80717, -6.87198
0.666286, -0.127228, 1.9918, -2.79759, -6.8538
0.666879, -0.128884, 1.98774, -2.78802, -6.83567
0.667471, -0.130534, 1.9837, -2.77846, -6.81761
0.668064, -0.132178, 1.97966, -2.7689, -6.7996
0.668657, -0.133816, 1.97564, -2.75936, -6.78165
0.66925, -0.135449, 1.97162, -2.74982, -6.76376
0.669843, -0.137076, 1.96762, -2.74029, -6.74592
0.670435, -0.138698, 1.96362, -2.73076, -6.72815
0.671028, -0.140314, 1.95964, -2.72125, -6.71043
0.671621, -0.141924, 1.95567, -2.71174, -6.69277
0.672214, -0.143529, 1.95171, -2.70224, -6.67516
0.672806, -0.145128, 1.94775, -2.69275, -6.65762
0.673399, -0.146721, 1.94381, -2.68327, -6.64013
0.673992, -0.148309, 1.93988, -2.67379, -6.6227
0.674585, -0.149891, 1.93596, -2.66433, -6.60532
0.675178, -0.151468, 1.93205, -2.65487, -6.58801
0.67577, -0.153039, 1.92815, -2.64542, -6.57075
0.676363, -0.154604, 1.92426, -2.63597, -6.55355
0.676956, -0.156164, 1.92038, -2.62654, -6.53641
0.677549, -0.157718, 1.91651, -2.61711, -6.51932
0.678142, -0.159266, 1.91265, -2.60769, -6.50229
0.678734, -0.160809, 1.9088, -2.59828, -6.48532
0.679327, -0.162347, 1.90496, -2.58888, -6.46841
0.67992, -0.163879, 1.90113, -2.57948, -6.45156
0.680513, -0.165405, 1.89732, -2.57009, -6.43476
0.681105, -0.166926, 1.89351, -2.56071, -6.41802
0.681698, -0.168441, 1.88971, -2.55134, -6.40134
0.682291, -0.169951, 1.88592, -2.54197, -6.38472
0.682884, -0.171455, 1.88214, -2.53261, -6.36815
0.683477, -0.172953, 1.87837, -2.52326, -6.35164
0.684069, -0.174446, 1.87461, -2.51392, -6.33519
0.684662, -0.175934, 1.87086, -2.50459, -6.3188
0.685255, -0.177415, 1.86712, -2.49526, -6.30246
0.685848, -0.178892, 1.86338, -2.48594, -6.28618
0.68644, -0.180363, 1.85966, -2.47663, -6.26996
0.687033, -0.181828, 1.85595, -2.46732, -6.2538
0.687626, -0.183288, 1.85225, -2.45803, -6.23769
0.688219, -0.184742, 1.84856, -2.44874, -6.22164
0.688812, -0.186191, 1.84487, -2.43945, -6.20565
0.689404, -0.187634, 1.8412, -2.43018, -6.18971
0.689997, -0.189072, 1.83753, -2.42091, -6.17384
0.69059, -0.190504, 1.83388, -2.41165, -6.15802
0.691183, -0.191931, 1.83023, -2.4024, -6.14225
0.691775, -0.193353, 1.8266, -2.39315, -6.12655
0.692368, -0.194768, 1.82297, -2.38391, -6.1109
0.692961, -0.196179, 1.81935, -2.37468, -6.0953
0.693554, -0.197584, 1.81574, -2.36546, -6.07977
0.694147, -0.198983, 1.81214, -2.35624, -6.06429
0.694739, -0.200377, 1.80855, -2.34703, -6.04887
0.695332, -0.201766, 1.80497, -2.33783, -6.0335
0.695925, -0.203149, 1.8014, -2.32863, -6.01819
0.696518, -0.204527, 1.79784, -2.31944, -6.00294
0.69711, -0.205899, 1.79428, -2.31026, -5.98775
0.697703, -0.207266, 1.79074, -2.30109, -5.97261
0.698296, -0.208627, 1.7872, -2.29192, -5.95753
0.698889, -0.209983, 1.78368, -2.28276, -5.9425
0.699482, -0.211333, 1.78016, -2.2736, -5.92753
0.700074, -0.212678, 1.77665, -2.26446, -5.91262
0.700667, -0.214018, 1.77315, -2.25532, -5.89776
0.70126, -0.215352, 1.76966, -2.24618, -5.88296
0.701853, -0.216681, 1.76617, -2.23706, -5.86822
0.702446, -0.218004, 1.7627, -2.22794, -5.85353
0.703038, -0.219322, 1.75923, -2.21882, -5.8389
0.703631, -0.220635, 1.75578, -2.20972, -5.82432
0.704224, -0.221942, 1.75233, -2.20062, -5.8098
0.704817, -0.223244, 1.74889, -2.19152, -5.79534
0.705409, -0.22454, 1.74546, -2.18244, -5.78093
0.706002, -0.225831, 1.74203, -2.17336, -5.76658
0.706595, -0.227117, 1.73862, -2.16428, -5.75228
0.707188, -0.228397, 1.73522, -2.15521, -5.73804
0.707781, -0.229672, 1.73182, -2.14615, -5.72385
0.708373, -0.230941, 1.72843, -2.1371, -5.70972
0.708966, -0.232206, 1.72505, -2.12805, -5.69565
0.709559, -0.233464, 1.72168, -2.11901, -5.68163
0.710152, -0.234718, 1.71831, -2.10997, -5.66767
0.710744, -0.235966, 1.71496, -2.10094, -5.65376
0.711337, -0.237209, 1.71161, -2.09192, -5.6399
0.71193, -0.238446, 1.70827, -2.0829, -5.62611
0.712523, -0.239678, 1.70494, -2.07389, -5.61236
0.713116, -0.240905, 1.70162, -2.06489, -5.59867
0.713708, -0.242126, 1.6983, -2.05589, -5.58504
0.714301, -0.243342, 1.695, -2.0469, -5.57146
0.714894, -0.244553, 1.6917, -2.03791, -5.55794
0.715487, -0.245758, 1.68841, -2.02893, -5.54447
0.716079, -0.246958, 1.68512, -2.01995, -5.53105
0.716672, -0.248153, 1.68185, -2.01098, -5.51769
0.717265, -0.249342, 1.67858, -2.00202, -5.50439
0.717858, -0.250526, 1.67532, -1.99306, -5.49114
0.718451, -0.251705, 1.67207, -1.98411, -5.47794
0.719043, -0.252879, 1.66883, -1.97517, -5.4648
0.719636, -0.254047, 1.66559, -1.96623, -5.45171
0.720229, -0.25521, 1.66237, -1.95729, -5.43868
0.720822, -0.256367, 1.65915, -1.94837, -5.4257
0.721415, -0.25752, 1.65593, -1.93944, -5.41277
0.722007, -0.258667, 1.65273, -1.93053, -5.3999
0.7226, -0.259809, 1.64953, -1.92162, -5.38708
0.723193, -0.260945, 1.64634, -1.91271, -5.37432
0.723786, -0.262076, 1.64316, -1.90381, -5.36161
0.724378, -0.263202, 1.63998, -1.89491, -5.34895
0.724971, -0.264323, 1.63682, -1.88602, -5.33635
0.725564, -0.265438, 1.63366, -1.87714, -5.3238
0.726157, -0.266548, 1.63051, -1.86826, -5.3113
0.72675, -0.267653, 1.62736, -1.85939, -5.29886
0.727342, -0.268753, 1.62422, -1.85052, -5.28647
0.727935, -0.269847, 1.62109, -1.84166, -5.27413
0.728528, -0.270936, 1.61797, -1.8328, -5.26185
0.729121, -0.27202, 1.61486, -1.82395, -5.24962
0.729713, -0.273098, 1.61175, -1.8151, -5.23744
0.730306, -0.274172, 1.60865, -1.80626, -5.22532
0.730899, -0.27524, 1.60555, -1.79742, -5.21325
0.731492, -0.276303, 1.60247, -1.78859, -5.20123
0.732085, -0.27736, 1.59939, -1.77976, -5.18926
0.732677, -0.278413, 1.59631, -1.77094, -5.17735
0.73327, -0.27946, 1.59325, -1.76213, -5.16549
0.733863, -0.280502, 1.59019, -1.75331, -5.15368
0.734456, -0.281539, 1.58714, -1.74451, -5.14193
0.735048, -0.28257, 1.58409, -1.73571, -5.13023
0.735641, -0.283596, 1.58106, -1.72691, -5.11858
0.736234, -0.284617, 1.57802, -1.71812, -5.10698
0.736827, -0.285633, 1.575, -1.70933, -5.09543
0.73742, -0.286644, 1.57198, -1.70055, -5.08394
0.738012, -0.287649, 1.56897, -1.69177, -5.0725
0.738605, -0.28865, 1.56597, -1.68299, -5.06111
0.739198, -0.289645, 1.56297, -1.67423, -5.04977
0.739791, -0.290635, 1.55998, -1.66546, -5.03848
0.740384, -0.291619, 1.557, -1.6567, -5.02725
0.740976, -0.292599, 1.55402, -1.64795, -5.01607
0.741569, -0.293573, 1.55105, -1.6392, -5.00494
0.742162, -0.294542, 1.54809, -1.63045, -4.99386
0.742755, -0.295506, 1.54513, -1.62171, -4.98283
0.743347, -0.296465, 1.54218, -1.61297, -4.97185
0.74394, -0.297418, 1.53924, -1.60424, -4.96093
0.744533, -0.298367, 1.5363, -1.59551, -4.95005
0.745126, -0.29931, 1.53337, -1.58679, -4.93923
0.745719, -0.300248, 1.53044, -1.57807, -4.92846
0.746311, -0.301181, 1.52753, -1.56935, -4.91774
0.746904, -0.302108, 1.52461, -1.56064, -4.90707
0.747497, -0.303031, 1.52171, -1.55193, -4.89645
0.74809, -0.303948, 1.51881, -1.54323, -4.88589
0.748682, -0.304861, 1.51592, -1.53453, -4.87537
0.749275, -0.305768, 1.51303, -1.52584, -4.8649
0.749868, -0.306669, 1.51015, -1.51715, -4.85449
0.750461, -0.307566, 1.50727, -1.50846, -4.84413
0.751054, -0.308458, 1.50441, -1.49978, -4.83381
0.751646, -0.309344, 1.50154, -1.4911, -4.82355
0.752239, -0.310226, 1.49869, -1.48242, -4.81334
0.752832, -0.311102, 1.49584, -1.47375, -4.80317
0.753425, -0.311973, 1.49299, -1.46509, -4.79306
0.754017, -0.312839, 1.49015, -1.45642, -4.783
0.75461, -0.3137, 1.48732, -1.44776, -4.77299
0.755203, -0.314555, 1.4845, -1.43911, -4.76303
0.755796, -0.315406, 1.48168, -1.43046, -4.75312
0.756389, -0.316251, 1.47886, -1.42181, -4.74325
0.756981, -0.317091, 1.47605, -1.41317, -4.73344
0.757574, -0.317926, 1.47325, -1.40452, -4.72368
0.758167, -0.318757, 1.47045, -1.39589, -4.71397
0.75876, -0.319581, 1.46766, -1.38725, -4.70431
0.759353, -0.320401, 1.46487, -1.37863, -4.6947
0.759945, -0.321216, 1.46209, -1.37, -4.68513
0.760538, -0.322025, 1.45932, -1.36138, -4.67562
0.761131, -0.32283, 1.45655, -1.35276, -4.66616
0.761724, -0.323629, 1.45379, -1.34414, -4.65674
0.762316, -0.324423, 1.45103, -1.33553, -4.64738
0.762909, -0.325213, 1.44828, -1.32692, -4.63806
0.763502, -0.325997, 1.44553, -1.31832, -4.6288
0.764095, -0.326775, 1.44279, -1.30971, -4.61958
0.764688, -0.327549, 1.44005, -1.30111, -4.61041
0.76528, -0.328318, 1.43732, -1.29252, -4.60129
0.765873, -0.329082, 1.4346, -1.28393, -4.59222
0.766466, -0.32984, 1.43188, -1.27534, -4.5832
0.767059, -0.330594, 1.42917, -1.26675, -4.57423
0.767651, -0.331342, 1.42646, -1.25817, -4.56531
0.768244, -0.332085, 1.42375, -1.24959, -4.55643
0.768837, -0.332823, 1.42105, -1.24101, -4.54761
0.76943, -0.333557, 1.41836, -1.23244, -4.53883
0.770023, -0.334285, 1.41567, -1.22387, -4.5301
0.770615, -0.335008, 1.41299, -1.2153, -4.52142
0.771208, -0.335725, 1.41031, -1.20674, -4.51279
0.771801, -0.336438, 1.40764, -1.19818, -4.50421
0.772394, -0.337146, 1.40497, -1.18962, -4.49568
0.772986, -0.337849, 1.40231, -1.18107, -4.48719
0.773579, -0.338546, 1.39965, -1.17251, -4.47875
0.774172, -0.339239, 1.397, -1.16396, -4.47036
0.774765, -0.339926, 1.39435, -1.15542, -4.46202
0.775358, -0.340609, 1.39171, -1.14687, -4.45373
0.77595, -0.341286, 1.38907, -1.13833, -4.44549
0.776543, -0.341958, 1.38644, -1.12979, -4.43729
0.777136, -0.342625, 1.38381, -1.12126, -4.42914
0.777729, -0.343287, 1.38119, -1.11273, -4.42104
0.778321, -0.343944, 1.37857, -1.1042, -4.41299
0.778914, -0.344597, 1.37596, -1.09567, -4.40498
0.779507, -0.345243, 1.37335, -1.08714, -4.39702
0.7801, -0.345885, 1.37074, -1.07862, -4.38911
0.780693, -0.346522, 1.36815, -1.0701, -4.38125
0.781285, -0.347154, 1.36555, -1.06159, -4.37344
0.781878, -0.347781, 1.36296, -1.05307, -4.36567
0.782471, -0.348403, 1.36037, -1.04456, -4.35795
0.783064, -0.349019, 1.35779, -1.03605, -4.35028
0.783657, -0.349631, 1.35522, -1.02754, -4.34266
0.784249, -0.350237, 1.35265, -1.01904, -4.33508
0.784842, -0.350839, 1.35008, -1.01054, -4.32755
0.785435, -0.351435, 1.34751, -1.00204, -4.32007
0.786028, -0.352027, 1.34496, -0.993538, -4.31263
0.78662, -0.352613, 1.3424, -0.985043, -4.30525
0.787213, -0.353195, 1.33985, -0.97655, -4.2979
0.787806, -0.353771, 1.33731, -0.96806, -4.29061
0.788399, -0.354342, 1.33476, -0.959571, -4.28336
0.788992, -0.354909, 1.33223, -0.951085, -4.27617
0.789584, -0.35547, 1.3297, -0.942601, -4.26901
0.790177, -0.356026, 1.32717, -0.934119, -4.26191
0.79077, -0.356578, 1.32464, -0.92564, -4.25485
0.791363, -0.357124, 1.32212, -0.917162, -4.24784
0.791955, -0.357665, 1.31961, -0.908687, -4.24087
0.792548, -0.358201, 1.31709, -0.900214, -4.23395
0.793141, -0.358732, 1.31459, -0.891742, -4.22708
0.793734, -0.359258, 1.31208, -0.883273, -4.22026
0.794327, -0.359779, 1.30958, -0.874806, -4.21348
0.794919, -0.360295, 1.30709, -0.866341, -4.20675
0.795512, -0.360806, 1.3046, -0.857877, -4.20006
0.796105, -0.361312, 1.30211, -0.849416, -4.19342
0.796698, -0.361813, 1.29962, -0.840957, -4.18683
0.79729, -0.362309, 1.29714, -0.832499, -4.18029
0.797883, -0.3628, 1.29467, -0.824043, -4.17379
0.798476, -0.363286, 1.2922, -0.81559, -4.16733
0.799069, -0.363767, 1.28973, -0.807138, -4.16093
0.799662, -0.364243, 1.28726, -0.798687, -4.15457
0.800254, -0.364714, 1.2848, -0.790239, -4.14825
0.800847, -0.36518, 1.28235, -0.781792, -4.14198
0.80144, -0.365641, 1.27989, -0.773347, -4.13576
0.802033, -0.366097, 1.27744, -0.764904, -4.12959
0.802626, -0.366548, 1.275, -0.756463, -4.12346
0.803218, -0.366994, 1.27255, -0.748023, -4.11737
0.803811, -0.367435, 1.27011, -0.739585, -4.11134
0.804404, -0.367871, 1.26768, -0.731148, -4.10535
0.804997, -0.368302, 1.26525, -0.722713, -4.0994
0.805589, -0.368728, 1.26282, -0.714279, -4.0935
0.806182, -0.369148, 1.26039, -0.705848, -4.08765
0.806775, -0.369564, 1.25797, -0.697417, -4.08184
0.807368, -0.369975, 1.25555, -0.688988, -4.07608
0.807961, -0.370381, 1.25314, -0.680561, -4.07036
0.808553, -0.370782, 1.25073, -0.672135, -4.06469
0.809146, -0.371178, 1.24832, -0.663711, -4.05906
0.809739, -0.371569, 1.24592, -0.655288, -4.05349
0.810332, -0.371955, 1.24352, -0.646866, -4.04795
0.810924, -0.372336, 1.24112, -0.638446, -4.04246
0.811517, -0.372712, 1.23872, -0.630027, -4.03702
0.81211, -0.373083, 1.23633, -0.621609, -4.03163
0.812703, -0.373449, 1.23394, -0.613193, -4.02627
0.813296, -0.37381, 1.23156, -0.604778, -4.02097
0.813888, -0.374166, 1.22918, -0.596365, -4.01571
0.814481, -0.374517, 1.2268, -0.587952, -4.01049
0.815074, -0.374863, 1.22442, -0.579541, -4.00532
0.815667, -0.375204, 1.22205, -0.571131, -4.0002
0.816259, -0.37554, 1.21968, -0.562722, -3.99512
0.816852, -0.375871, 1.21731, -0.554315, -3.99009
0.817445, -0.376197, 1.21495, -0.545908, -3.9851
0.818038, -0.376518, 1.21259, -0.537503, -3.98016
0.818631, -0.376834, 1.21023, -0.529099, -3.97526
0.819223, -0.377146, 1.20787, -0.520696, -3.97041
0.819816, -0.377452, 1.20552, -0.512294, -3.9656
0.820409, -0.377753, 1.20317, -0.503893, -3.96084
0.821002, -0.378049, 1.20083, -0.495493, -3.95612
0.821595, -0.37834, 1.19848, -0.487094, -3.95145
0.822187, -0.378627, 1.19614, -0.478696, -3.94682
0.82278, -0.378908, 1.1938, -0.470299, -3.94224
0.823373, -0.379184, 1.19147, -0.461903, -3.93771
0.823966, -0.379455, 1.18914, -0.453508, -3.93322
0.824558, -0.379722, 1.18681, -0.445114, -3.92877
0.825151, -0.379983, 1.18448, -0.436721, -3.92437
0.825744, -0.38024, 1.18215, -0.428329, -3.92001
0.826337, -0.380491, 1.17983, -0.419937, -3.9157
0.82693, -0.380737, 1.17751, -0.411546, -3.91143
0.827522, -0.380979, 1.17519, -0.403157, -3.90721
0.828115, -0.381215, 1.17288, -0.394768, -3.90304
0.828708, -0.381447, 1.17057, -0.386379, -3.8989
0.829301, -0.381673, 1.16826, -0.377992, -3.89482
0.829893, -0.381895, 1.16595, -0.369605, -3.89078
0.830486, -0.382112, 1.16364, -0.361219, -3.88678
0.831079, -0.382323, 1.16134, -0.352834, -3.88283
0.831672, -0.38253, 1.15904, -0.344449, -3.87892
0.832265, -0.382732, 1.15674, -0.336066, -3.87506
0.832857, -0.382928, 1.15445, -0.327682, -3.87124
0.83345, -0.38312, 1.15215, -0.3193, -3.86747
0.834043, -0.383307, 1.14986, -0.310918, -3.86374
0.834636, -0.383489, 1.14757, -0.302536, -3.86005
0.835228, -0.383666, 1.14528, -0.294156, -3.85641
0.835821, -0.383838, 1.143, -0.285775, -3.85282
0.836414, -0.384004, 1.14072, -0.277396, -3.84927
0.837007, -0.384166, 1.13844, -0.269017, -3.84577
0.8376, -0.384323, 1.13616, -0.260638, -3.8423
0.838192, -0.384475, 1.13388, -0.25226, -3.83889
0.838785, -0.384622, 1.13161, -0.243882, -3.83552
0.839378, -0.384765, 1.12933, -0.235505, -3.83219
0.839971, -0.384902, 1.12706, -0.227128, -3.82891
0.840564, -0.385034, 1.12479, -0.218752, -3.82567
0.841156, -0.385161, 1.12253, -0.210376, -3.82248
0.841749, -0.385283, 1.12026, -0.202, -3.81933
0.842342, -0.3854, 1.118, -0.193625, -3.81623
0.842935, -0.385513, 1.11574, -0.18525, -3.81317
0.843527, -0.38562, 1.11348, -0.176876, -3.81016
0.84412, -0.385722, 1.11122, -0.168502, -3.80719
0.844713, -0.38582, 1.10896, -0.160128, -3.80426
0.845306, -0.385912, 1.10671, -0.151755, -3.80138
0.845899, -0.386, 1.10446, -0.143381, -3.79854
0.846491, -0.386082, 1.10221, -0.135008, -3.79575
0.847084, -0.38616, 1.09996, -0.126635, -3.793
0.847677, -0.386232, 1.09771, -0.118263, -3.7903
0.84827, -0.3863, 1.09546, -0.109891, -3.78764
0.848862, -0.386363, 1.09322, -0.101518, -3.78503
0.849455, -0.38642, 1.09098, -0.0931465, -3.78246
0.850048, -0.386473, 1.08873, -0.0847746, -3.77994
0.850641, -0.386521, 1.08649, -0.076403, -3.77745
0.851234, -0.386564, 1.08426, -0.0680314, -3.77502
0.851826, -0.386602, 1.08202, -0.0596599, -3.77263
0.852419, -0.386634, 1.07978, -0.0512886, -3.77028
0.853012, -0.386662, 1.07755, -0.0429173, -3.76798
0.853605, -0.386685, 1.07532, -0.0345461, -3.76572
0.854197, -0.386703, 1.07308, -0.0261749, -3.76351
0.85479, -0.386716, 1.07085, -0.0178037, -3.76134
0.855383, -0.386724, 1.06863, -0.00943259, -3.75921
0.855976, -0.386728, 1.0664, -0.00106144, -3.75713
0.856569, -0.386726, 1.06417, 0.00730973, -3.7551
0.857161, -0.386719, 1.06195, 0.0156809, -3.75311
0.857754, -0.386707, 1.05972, 0.0240522, -3.75116
0.858347, -0.38669, 1.0575, 0.0324235, -3.74926
0.85894, -0.386669, 1.05528, 0.0407949, -3.7474
0.859533, -0.386642, 1.05306, 0.0491664, -3.74559
0.860125, -0.38661, 1.05084, 0.0575381, -3.74382
0.860718, -0.386574, 1.04862, 0.0659098, -3.74209
0.861311, -0.386532, 1.0464, 0.0742817, -3.74041
0.861904, -0.386486, 1.04418, 0.0826538, -3.73878
0.862496, -0.386434, 1.04197, 0.091026, -3.73719
0.863089, -0.386378, 1.03975, 0.0993984, -3.73564
0.863682, -0.386316, 1.03754, 0.107771, -3.73414
0.864275, -0.38625, 1.03533, 0.116144, -3.73268
0.864868, -0.386179, 1.03311, 0.124517, -3.73127
0.86546, -0.386102, 1.0309, 0.13289, -3.7299
0.866053, -0.386021, 1.02869, 0.141264, -3.72858
0.866646, -0.385935, 1.02648, 0.149638, -3.7273
0.867239, -0.385844, 1.02427, 0.158012, -3.72607
0.867831, -0.385748, 1.02206, 0.166387, -3.72488
0.868424, -0.385646, 1.01986, 0.174761, -3.72373
0.869017, -0.38554, 1.01765, 0.183136, -3.72263
0.86961, -0.385429, 1.01544, 0.191512, -3.72157
0.870203, -0.385313, 1.01324, 0.199888, -3.72056
0.870795, -0.385192, 1.01103, 0.208264, -3.71959
0.871388, -0.385066, 1.00883, 0.216641, -3.71867
0.871981, -0.384936, 1.00662, 0.225018, -3.71779
0.872574, -0.3848, 1.00442, 0.233395, -3.71696
0.873166, -0.384659, 1.00222, 0.241773, -3.71617
0.873759, -0.384513, 1.00001, 0.250152, -3.71543
0.874352, -0.384362, 0.997811, 0.258531, -3.71473
0.874945, -0.384207, 0.995609, 0.26691, -3.71408
0.875538, -0.384046, 0.993408, 0.27529, -3.71347
0.87613, -0.38388, 0.991207, 0.28367, -3.7129
0.876723, -0.38371, 0.989006, 0.292051, -3.71238
0.877316, -0.383534, 0.986805, 0.300433, -3.71191
0.877909, -0.383353, 0.984605, 0.308815, -3.71148
0.878501, -0.383168, 0.982405, 0.317197, -3.71109
0.879094, -0.382977, 0.980205, 0.325581, -3.71075
0.879687, -0.382782, 0.978006, 0.333964, -3.71045
0.88028, -0.382581, 0.975806, 0.342349, -3.7102
0.880873, -0.382376, 0.973607, 0.350734, -3.71
0.881465, -0.382166, 0.971408, 0.35912, -3.70983
0.882058, -0.38195, 0.969209, 0.367506, -3.70972
0.882651, -0.38173, 0.96701, 0.375893, -3.70965
0.883244, -0.381505, 0.964811, 0.384281, -3.70962
0.883837, -0.381274, 0.962612, 0.392669, -3.70964
0.884429, -0.381039, 0.960413, 0.401058, -3.7097
0.885022, -0.380799, 0.958214, 0.409448, -3.70981
0.885615, -0.380554, 0.956015, 0.417838, -3.70996
0.886208, -0.380303, 0.953815, 0.42623, -3.71016
0.8868, -0.380048, 0.951616, 0.434622, -3.7104
0.887393, -0.379788, 0.949417, 0.443015, -3.71069
0.887986, -0.379523, 0.947217, 0.451408, -3.71103
0.888579, -0.379253, 0.945017, 0.459803, -3.71141
0.889172, -0.378978, 0.942817, 0.468198, -3.71183
0.889764, -0.378698, 0.940616, 0.476594, -3.7123
0.890357, -0.378413, 0.938415, 0.484991, -3.71281
0.89095, -0.378123, 0.936214, 0.493389, -3.71337
0.891543, -0.377828, 0.934013, 0.501788, -3.71398
0.892135, -0.377528, 0.931811, 0.510187, -3.71463
0.892728, -0.377223, 0.929609, 0.518588, -3.71532
0.893321, -0.376913, 0.927407, 0.526989, -3.71606
0.893914, -0.376598, 0.925203, 0.535392, -3.71685
0.894507, -0.376278, 0.923, 0.543795, -3.71768
0.895099, -0.375954, 0.920796, 0.552199, -3.71856
0.895692, -0.375624, 0.918591, 0.560604, -3.71948
0.896285, -0.375289, 0.916386, 0.569011, -3.72045
0.896878, -0.374949, 0.914181, 0.577418, -3.72146
0.89747, -0.374604, 0.911974, 0.585826, -3.72252
0.898063, -0.374255, 0.909767, 0.594235, -3.72363
0.898656, -0.3739, 0.90756, 0.602646, -3.72478
0.899249, -0.37354, 0.905351, 0.611057, -3.72597
0.899842, -0.373175, 0.903142, 0.619469, -3.72721
0.900434, -0.372806, 0.900932, 0.627883, -3.7285
0.901027, -0.372431, 0.898722, 0.636297, -3.72983
0.90162, -0.372051, 0.89651, 0.644713, -3.73121
0.902213, -0.371667, 0.894298, 0.65313, -3.73264
0.902806, -0.371277, 0.892085, 0.661547, -3.73411
0.903398, -0.370882, 0.889871, 0.669966, -3.73562
0.903991, -0.370483, 0.887656, 0.678387, -3.73719
0.904584, -0.370078, 0.885441, 0.686808, -3.73879
0.905177, -0.369668, 0.883224, 0.69523, -3.74045
0.905769, -0.369254, 0.881006, 0.703654, -3.74215
0.906362, -0.368834, 0.878787, 0.712079, -3.74389
0.906955, -0.36841, 0.876567, 0.720505, -3.74569
0.907548, -0.36798, 0.874346, 0.728932, -3.74752
0.908141, -0.367545, 0.872124, 0.737361, -3.74941
0.908733, -0.367106, 0.869901, 0.745791, -3.75134
0.909326, -0.366661, 0.867677, 0.754222, -3.75332
0.909919, -0.366212, 0.865452, 0.762654, -3.75534
0.910512, -0.365757, 0.863225, 0.771088, -3.75741
0.911104, -0.365298, 0.860997, 0.779523, -3.75952
0.911697, -0.364833, 0.858768, 0.787959, -3.76169
0.91229, -0.364363, 0.856537, 0.796397, -3.76389
0.912883, -0.363889, 0.854305, 0.804836, -3.76615
0.913476, -0.363409, 0.852072, 0.813276, -3.76845
0.914068, -0.362925, 0.849838, 0.821717, -3.7708
0.914661, -0.362435, 0.847602, 0.83016, -3.77319
0.915254, -0.36194, 0.845364, 0.838605, -3.77563
0.915847, -0.361441, 0.843125, 0.847051, -3.77812
0.916439, -0.360936, 0.840885, 0.855498, -3.78066
0.917032, -0.360426, 0.838643, 0.863946, -3.78324
0.917625, -0.359912, 0.8364, 0.872397, -3.78587
0.918218, -0.359392, 0.834155, 0.880848, -3.78854
0.918811, -0.358868, 0.831908, 0.889301, -3.79126
0.919403, -0.358338, 0.82966, 0.897755, -3.79403
0.919996, -0.357803, 0.82741, 0.906211, -3.79685
0.920589, -0.357264, 0.825159, 0.914669, -3.79971
0.921182, -0.356719, 0.822905, 0.923128, -3.80262
0.921775, -0.356169, 0.82065, 0.931588, -3.80558
0.922367, -0.355614, 0.818394, 0.94005, -3.80858
0.92296, -0.355055, 0.816135, 0.948514, -3.81163
0.923553, -0.35449, 0.813875, 0.956979, -3.81473
0.924146, -0.35392, 0.811612, 0.965445, -3.81788
0.924738, -0.353345, 0.809348, 0.973914, -3.82107
0.925331, -0.352765, 0.807082, 0.982384, -3.82431
0.925924, -0.352181, 0.804814, 0.990855, -3.8276
0.926517, -0.351591, 0.802544, 0.999328, -3.83093
0.92711, -0.350996, 0.800272, 1.0078, -3.83432
0.927702, -0.350396, 0.797999, 1.01628, -3.83775
0.928295, -0.349791, 0.795723, 1.02476, -3.84122
0.928888, -0.349181, 0.793445, 1.03324, -3.84475
0.929481, -0.348566, 0.791164, 1.04172, -3.84832
0.930073, -0.347946, 0.788882, 1.0502, -3.85195
0.930666, -0.347321, 0.786598, 1.05869, -3.85561
0.931259, -0.346691, 0.784311, 1.06717, -3.85933
0.931852, -0.346056, 0.782022, 1.07566, -3.8631
0.932445, -0.345416, 0.779731, 1.08415, -3.86691
0.933037, -0.34477, 0.777438, 1.09264, -3.87077
0.93363, -0.34412, 0.775142, 1.10113, -3.87468
0.934223, -0.343465, 0.772844, 1.10963, -3.87864
0.934816, -0.342805, 0.770544, 1.11813, -3.88264
0.935408, -0.342139, 0.768241, 1.12663, -3.8867
0.936001, -0.341469, 0.765936, 1.13513, -3.8908
0.936594, -0.340794, 0.763628, 1.14363, -3.89495
0.937187, -0.340113, 0.761318, 1.15213, -3.89915
0.93778, -0.339428, 0.759005, 1.16064, -3.90339
0.938372, -0.338737, 0.75669, 1.16915, -3.90769
0.938965, -0.338042, 0.754373, 1.17765, -3.91203
0.939558, -0.337341, 0.752052, 1.18617, -3.91643
0.940151, -0.336635, 0.749729, 1.19468, -3.92087
0.940744, -0.335925, 0.747404, 1.20319, -3.92536
0.941336, -0.335209, 0.745076, 1.21171, -3.9299
0.941929, -0.334488, 0.742745, 1.22023, -3.93448
0.942522, -0.333762, 0.740411, 1.22875, -3.93912
0.943115, -0.333031, 0.738075, 1.23727, -3.94381
0.943707, -0.332295, 0.735735, 1.2458, -3.94854
0.9443, -0.331554, 0.733393, 1.25433, -3.95332
0.944893, -0.330808, 0.731049, 1.26285, -3.95816
0.945486, -0.330057, 0.728701, 1.27138, -3.96304
0.946079, -0.329301, 0.72635, 1.27992, -3.96797
0.946671, -0.32854, 0.723996, 1.28845, -3.97295
0.947264, -0.327773, 0.72164, 1.29699, -3.97798
0.947857, -0.327002, 0.71928, 1.30553, -3.98306
0.94845, -0.326226, 0.716918, 1.31407, -3.98819
0.949042, -0.325444, 0.714552, 1.32261, -3.99337
0.949635, -0.324658, 0.712183, 1.33115, -3.9986
0.950228, -0.323866, 0.709811, 1.3397, -4.00387
0.950821, -0.323069, 0.707436, 1.34825, -4.0092
0.951414, -0.322267, 0.705058, 1.3568, -4.01458
0.952006, -0.321461, 0.702677, 1.36535, -4.02
0.952599, -0.320649, 0.700292, 1.37391, -4.02548
0.953192, -0.319832, 0.697904, 1.38247, -4.03101
0.953785, -0.31901, 0.695513, 1.39102, -4.03658
0.954377, -0.318183, 0.693119, 1.39959, -4.04221
0.95497, -0.31735, 0.690721, 1.40815, -4.04789
0.955563, -0.316513, 0.68832, 1.41671, -4.05361
0.956156, -0.315671, 0.685915, 1.42528, -4.05939
0.956749, -0.314823, 0.683507, 1.43385, -4.06522
0.957341, -0.313971, 0.681096, 1.44242, -4.0711
0.957934, -0.313113, 0.678681, 1.451, -4.07702
0.958527, -0.312251, 0.676262, 1.45957, -4.083
0.95912, -0.311383, 0.67384, 1.46815, -4.08903
0.959712, -0.31051, 0.671414, 1.47673, -4.09511
0.960305, -0.309632, 0.668985, 1.48532, -4.10124
0.960898, -0.308749, 0.666552, 1.4939, -4.10742
0.961491, -0.307861, 0.664115, 1.50249, -4.11366
0.962084, -0.306968, 0.661675, 1.51108, -4.11994
0.962676, -0.30607, 0.659231, 1.51967, -4.12627
0.963269, -0.305166, 0.656783, 1.52826, -4.13266
0.963862, -0.304258, 0.654331, 1.53686, -4.13909
0.964455, -0.303344, 0.651876, 1.54546, -4.14558
0.965048, -0.302425, 0.649416, 1.55406, -4.15212
0.96564, -0.301502, 0.646953, 1.56266, -4.15871
0.966233, -0.300573, 0.644486, 1.57127, -4.16535
0.966826, -0.299639, 0.642015, 1.57988, -4.17204
0.967419, -0.2987, 0.63954, 1.58849, -4.17878
0.968011, -0.297756, 0.637061, 1.5971, -4.18558
0.968604, -0.296806, 0.634577, 1.60571, -4.19242
0.969197, -0.295852, 0.63209, 1.61433, -4.19932
0.96979, -0.294892, 0.629599, 1.62295, -4.20627
0.970383, -0.293928, 0.627103, 1.63157, -4.21327
0.970975, -0.292958, 0.624604, 1.64019, -4.22032
0.971568, -0.291983, 0.6221, 1.64882, -4.22743
0.972161, -0.291003, 0.619592, 1.65745, -4.23459
0.972754, -0.290018, 0.61708, 1.66608, -4.24179
0.973346, -0.289028, 0.614563, 1.67471, -4.24905
0.973939, -0.288033, 0.612042, 1.68335, -4.25637
0.974532, -0.287032, 0.609517, 1.69199, -4.26373
0.975125, -0.286027, 0.606987, 1.70063, -4.27115
0.975718, -0.285016, 0.604453, 1.70927, -4.27862
0.97631, -0.284, 0.601915, 1.71791, -4.28614
0.976903, -0.28298, 0.599372, 1.72656, -4.29371
0.977496, -0.281953, 0.596824, 1.73521, -4.30134
0.978089, -0.280922, 0.594272, 1.74386, -4.30902
0.978681, -0.279886, 0.591715, 1.75252, -4.31675
0.979274, -0.278845, 0.589154, 1.76118, -4.32453
0.979867, -0.277798, 0.586588, 1.76984, -4.33237
0.98046, -0.276746, 0.584018, 1.7785, -4.34026
0.981053, -0.275689, 0.581443, 1.78716, -4.3482
0.981645, -0.274628, 0.578863, 1.79583, -4.3562
0.982238, -0.27356, 0.576278, 1.8045, -4.36424
0.982831, -0.272488, 0.573689, 1.81317, -4.37234
0.983424, -0.271411, 0.571095, 1.82185, -4.3805
0.984017, -0.270328, 0.568495, 1.83052, -4.3887
0.984609, -0.269241, 0.565891, 1.8392, -4.39696
0.985202, -0.268148, 0.563283, 1.84788, -4.40528
0.985795, -0.26705, 0.560669, 1.85657, -4.41364
0.986388, -0.265947, 0.55805, 1.86526, -4.42206
0.98698, -0.264838, 0.555426, 1.87395, -4.43054
0.987573, -0.263725, 0.552797, 1.88264, -4.43906
0.988166, -0.262606, 0.550163, 1.89133, -4.44764
0.988759, -0.261483, 0.547524, 1.90003, -4.45627
0.989352, -0.260354, 0.54488, 1.90873, -4.46496
0.989944, -0.25922, 0.542231, 1.91743, -4.4737
0.990537, -0.258081, 0.539576, 1.92613, -4.4825
0.99113, -0.256936, 0.536916, 1.93484, -4.49134
0.991723, -0.255787, 0.534251, 1.94355, -4.50025
0.992315, -0.254632, 0.531581, 1.95226, -4.5092
0.992908, -0.253472, 0.528905, 1.96098, -4.51821
0.993501, -0.252307, 0.526224, 1.96969, -4.52727
0.994094, -0.251137, 0.523538, 1.97841, -4.53639
0.994687, -0.249962, 0.520846, 1.98713, -4.54556
0.995279, -0.248781, 0.518149, 1.99586, -4.55479
0.995872, -0.247595, 0.515446, 2.00458, -4.56407
0.996465, -0.246405, 0.512738, 2.01331, -4.5734
0.997058, -0.245209, 0.510024, 2.02205, -4.58279
0.99765, -0.244007, 0.507305, 2.03078, -4.59223
0.998243, -0.242801, 0.50458, 2.03952, -4.60173
0.998836, -0.241589, 0.501849, 2.04826, -4.61128
0.999429, -0.240373, 0.499113, 2.057, -4.62088
1.00002, -0.239151, 0.496371, 2.06574, -4.63054
1.00061, -0.237924, 0.493623, 2.07449, -4.64025
1.00121, -0.236691, 0.49087, 2.08324, -4.65002
1.0018, -0.235454, 0.48811, 2.09199, -4.65985
1.00239, -0.234211, 0.485345, 2.10075, -4.66972
1.00299, -0.232963, 0.482574, 2.1095, -4.67966
1.00358, -0.23171, 0.479797, 2.11826, -4.68964
1.00417, -0.230452, 0.477014, 2.12702, -4.69968
1.00476, -0.229188, 0.474225, 2.13579, -4.70978
1.00536, -0.22792, 0.47143, 2.14456, -4.71993
1.00595, -0.226646, 0.468629, 2.15333, -4.73014
1.00654, -0.225367, 0.465822, 2.1621, -4.7404
1.00713, -0.224083, 0.463009, 2.17087, -4.75071
1.00773, -0.222793, 0.46019, 2.17965, -4.76108
1.00832, -0.221502, 0.457371, 2.17574, -4.74912
1.00891, -0.220214, 0.45456, 2.17183, -4.73716
1.00951, -0.218927, 0.451755, 2.16791, -4.72522
1.0101, -0.217643, 0.448958, 2.164, -4.7133
1.01069, -0.216362, 0.446167, 2.16008, -4.70139
1.01128, -0.215083, 0.443384, 2.15615, -4.68949
1.01188, -0.213806, 0.440608, 2.15223, -4.67761
1.01247, -0.212531, 0.437838, 2.1483, -4.66574
1.01306, -0.211259, 0.435076, 2.14437, -4.65389
1.01366, -0.209989, 0.432321, 2.14043, -4.64205
1.01425, -0.208721, 0.429573, 2.13649, -4.63022
1.01484, -0.207456, 0.426831, 2.13255, -4.61842
1.01543, -0.206193, 0.424097, 2.12861, -4.60662
1.01603, -0.204932, 0.42137, 2.12467, -4.59484
1.01662, -0.203674, 0.41865, 2.12072, -4.58308
1.01721, -0.202418, 0.415936, 2.11677, -4.57133
1.01781, -0.201164, 0.41323, 2.11282, -4.5596
1.0184, -0.199913, 0.410531, 2.10886, -4.54788
1.01899, -0.198664, 0.407838, 2.1049, -4.53618
1.01958, -0.197418, 0.405153, 2.10094, -4.52449
1.02018, -0.196173, 0.402474, 2.09698, -4.51282
1.02077, -0.194931, 0.399803, 2.09302, -4.50117
1.02136, -0.193692, 0.397138, 2.08905, -4.48953
1.02195, -0.192455, 0.39448, 2.08508, -4.47791
1.02255, -0.19122, 0.391829, 2.08111, -4.4663
1.02314, -0.189987, 0.389185, 2.07713, -4.45471
1.02373, -0.188757, 0.386548, 2.07316, -4.44313
1.02433, -0.18753, 0.383917, 2.06918, -4.43158
1.02492, -0.186304, 0.381294, 2.0652, -4.42003
1.02551, -0.185081, 0.378677, 2.06122, -4.40851
1.0261, -0.18386, 0.376067, 2.05723, -4.397
1.0267, -0.182642, 0.373464, 2.05325, -4.3855
1.02729, -0.181426, 0.370868, 2.04926, -4.37403
1.02788, -0.180213, 0.368278, 2.04527, -4.36257
1.02848, -0.179001, 0.365696, 2.04127, -4.35112
1.02907, -0.177793, 0.36312, 2.03728, -4.3397
1.02966, -0.176586, 0.360551, 2.03328, -4.32828
1.03025, -0.175382, 0.357989, 2.02928, -4.31689
1.03085, -0.17418, 0.355433, 2.02528, -4.30552
1.03144, -0.172981, 0.352884, 2.02128, -4.29416
1.03203, -0.171784, 0.350342, 2.01728, -4.28281
1.03262, -0.170589, 0.347807, 2.01327, -4.27149
1.03322, -0.169397, 0.345278, 2.00926, -4.26018
1.03381, -0.168207, 0.342756, 2.00525, -4.24889
1.0344, -0.16702, 0.34024, 2.00124, -4.23762
1.035, -0.165835, 0.337732, 1.99723, -4.22636
1.03559, -0.164652, 0.33523, 1.99322, -4.21512
1.03618, -0.163472, 0.332735, 1.9892, -4.2039
1.03677, -0.162294, 0.330246, 1.98518, -4.1927
1.03737, -0.161118, 0.327764, 1.98116, -4.18151
1.03796, -0.159945, 0.325288, 1.97714, -4.17034
1.03855, -0.158774, 0.32282, 1.97312, -4.15919
1.03915, -0.157606, 0.320357, 1.9691, -4.14806
1.03974, -0.156439, 0.317902, 1.96507, -4.13694
1.04033, -0.155276, 0.315453, 1.96104, -4.12584
1.04092, -0.154115, 0.31301, 1.95701, -4.11476
1.04152, -0.152956, 0.310575, 1.95299, -4.1037
1.04211, -0.151799, 0.308145, 1.94895, -4.09266
1.0427, -0.150645, 0.305722, 1.94492, -4.08163
1.04329, -0.149493, 0.303306, 1.94089, -4.07063
1.04389, -0.148344, 0.300896, 1.93685, -4.05964
1.04448, -0.147197, 0.298493, 1.93282, -4.04867
1.04507, -0.146053, 0.296096, 1.92878, -4.03771
1.04567, -0.14491, 0.293706, 1.92474, -4.02678
1.04626, -0.143771, 0.291322, 1.9207, -4.01586
1.04685, -0.142633, 0.288945, 1.91666, -4.00496
1.04744, -0.141498, 0.286574, 1.91262, -3.99408
1.04804, -0.140366, 0.28421, 1.90857, -3.98322
1.04863, -0.139236, 0.281852, 1.90453, -3.97238
1.04922, -0.138108, 0.2795, 1.90048, -3.96156
1.04982, -0.136982, 0.277155, 1.89643, -3.95075
1.05041, -0.135859, 0.274817, 1.89239, -3.93996
1.051, -0.134739, 0.272484, 1.88834, -3.9292
1.05159, -0.133621, 0.270158, 1.88429, -3.91845
1.05219, -0.132505, 0.267839, 1.88023, -3.90772
1.05278, -0.131392, 0.265525, 1.87618, -3.89701
1.05337, -0.130281, 0.263219, 1.87213, -3.88631
1.05396, -0.129172, 0.260918, 1.86807, -3.87564
1.05456, -0.128066, 0.258624, 1.86402, -3.86498
1.05515, -0.126962, 0.256336, 1.85996, -3.85435
1.05574, -0.125861, 0.254054, 1.85591, -3.84373
1.05634, -0.124762, 0.251779, 1.85185, -3.83313
1.05693, -0.123665, 0.24951, 1.84779, -3.82255
1.05752, -0.122571, 0.247247, 1.84373, -3.81199
1.05811, -0.121479, 0.24499, 1.83967, -3.80145
1.05871, -0.12039, 0.24274, 1.83561, -3.79093
1.0593, -0.119303, 0.240496, 1.83155, -3.78043
1.05989, -0.118219, 0.238258, 1.82748, -3.76995
1.06049, -0.117137, 0.236026, 1.82342, -3.75948
1.06108, -0.116057, 0.233801, 1.81936, -3.74904
1.06167, -0.11498, 0.231582, 1.81529, -3.73861
1.06226, -0.113905, 0.229369, 1.81123, -3.7282
1.06286, -0.112832, 0.227162, 1.80716, -3.71782
1.06345, -0.111762, 0.224961, 1.80309, -3.70745
1.06404, -0.110695, 0.222766, 1.79903, -3.6971
1.06463, -0.109629, 0.220578, 1.79496, -3.68677
1.06523, -0.108567, 0.218395, 1.79089, -3.67646
1.06582, -0.107506, 0.216219, 1.78682, -3.66617
1.06641, -0.106448, 0.214049, 1.78275, -3.6559
1.06701, -0.105393, 0.211885, 1.77868, -3.64565
1.0676, -0.104341, 0.20973, 1.76981, -3.62617
1.06819, -0.103294, 0.207586, 1.76093, -3.60671
1.06878, -0.102253, 0.205454, 1.75205, -3.58726
1.06938, -0.101217, 0.203333, 1.74317, -3.56782
1.06997, -0.100187, 0.201224, 1.7343, -3.5484
1.07056, -0.0991612, 0.199126, 1.72541, -3.52899
1.07116, -0.098141, 0.19704, 1.71653, -3.50959
1.07175, -0.0971261, 0.194965, 1.70765, -3.49021
1.07234, -0.0961165, 0.192902, 1.69876, -3.47085
1.07293, -0.0951121, 0.19085, 1.68988, -3.45149
1.07353, -0.094113, 0.18881, 1.68099, -3.43216
1.07412, -0.0931192, 0.186781, 1.67211, -3.41283
1.07471, -0.0921307, 0.184764, 1.66322, -3.39352
1.0753, -0.0911474, 0.182758, 1.65433, -3.37422
1.0759, -0.0901694, 0.180764, 1.64544, -3.35494
1.07649, -0.0891966, 0.17878, 1.63655, -3.33568
1.07708, -0.0882291, 0.176809, 1.62765, -3.31642
1.07768, -0.0872669, 0.174849, 1.61876, -3.29719
1.07827, -0.08631, 0.1729, 1.60987, -3.27796
1.07886, -0.0853583, 0.170962, 1.60097, -3.25875
1.07945, -0.0844119, 0.169036, 1.59208, -3.23956
1.08005, -0.0834708, 0.167122, 1.58318, -3.22038
1.08064, -0.082535, 0.165218, 1.57429, -3.20121
1.08123, -0.0816044, 0.163326, 1.56539, -3.18206
1.08183, -0.0806791, 0.161446, 1.55649, -3.16293
1.08242, -0.0797591, 0.159577, 1.54759, -3.14381
1.08301, -0.0788443, 0.157719, 1.53869, -3.1247
1.0836, -0.0779349, 0.155872, 1.52979, -3.10561
1.0842, -0.0770307, 0.154037, 1.52089, -3.08653
1.08479, -0.0761318, 0.152213, 1.51199, -3.06747
1.08538, -0.0752381, 0.1504, 1.50309, -3.04842
1.08597, -0.0743497, 0.148599, 1.49419, -3.02939
1.08657, -0.0734667, 0.146809, 1.48529, -3.01037
1.08716, -0.0725888, 0.14503, 1.47638, -2.99137
1.08775, -0.0717163, 0.143262, 1.46748, -2.97238
1.08835, -0.0708491, 0.141506, 1.45858, -2.95341
1.08894, -0.0699871, 0.139761, 1.44967, -2.93445
1.08953, -0.0691304, 0.138027, 1.44077, -2.9155
1.09012, -0.068279, 0.136304, 1.43187, -2.89657
1.09072, -0.0674328, 0.134593, 1.42296, -2.87766
1.09131, -0.0665919, 0.132893, 1.41405, -2.85876
1.0919, -0.0657564, 0.131204, 1.40515, -2.83987
1.0925, -0.0649261, 0.129526, 1.39624, -2.821
1.09309, -0.064101, 0.127859, 1.38734, -2.80215
1.09368, -0.0632813, 0.126204, 1.37843, -2.78331
1.09427, -0.0624668, 0.124559, 1.36952, -2.76448
1.09487, -0.0616576, 0.122926, 1.36062, -2.74567
1.09546, -0.0608537, 0.121304, 1.35171, -2.72687
1.09605, -0.0600551, 0.119693, 1.3428, -2.70809
1.09664, -0.0592617, 0.118093, 1.3339, -2.68932
1.09724, -0.0584737, 0.116505, 1.32499, -2.67057
1.09783, -0.0576909, 0.114927, 1.31608, -2.65183
1.09842, -0.0569134, 0.113361, 1.30717, -2.63311
1.09902, -0.0561411, 0.111806, 1.29827, -2.6144
1.09961, -0.0553742, 0.110261, 1.28936, -2.5957
1.1002, -0.0546125, 0.108728, 1.28045, -2.57702
1.10079, -0.0538561, 0.107206, 1.27154, -2.55835
1.10139, -0.053105, 0.105695, 1.26264, -2.5397
1.10198, -0.0523592, 0.104195, 1.25373, -2.52106
1.10257, -0.0516187, 0.102706, 1.24482, -2.50244
1.10317, -0.0508834, 0.101228, 1.23591, -2.48383
1.10376, -0.0501534, 0.0997615, 1.22701, -2.46524
1.10435, -0.0494287, 0.0983057, 1.2181, -2.44666
1.10494, -0.0487093, 0.0968609, 1.20919, -2.42809
1.10554, -0.0479951, 0.0954271, 1.20028, -2.40954
1.10613, -0.0472863, 0.0940042, 1.19137, -2.391
1.10672, -0.0465827, 0.0925924, 1.18247, -2.37247
1.10731, -0.0458844, 0.0911915, 1.17356, -2.35396
1.10791, -0.0451914, 0.0898016, 1.16465, -2.33547
1.1085, -0.0445036, 0.0884227, 1.15575, -2.31698
1.10909, -0.0438211, 0.0870547, 1.14684, -2.29851
1.10969, -0.043144, 0.0856976, 1.13793, -2.28006
1.11028, -0.0424721, 0.0843515, 1.12902, -2.26162
1.11087, -0.0418054, 0.0830163, 1.12012, -2.24319
1.11146, -0.0411441, 0.0816921, 1.11121, -2.22477
1.11206, -0.040488, 0.0803787, 1.1023, -2.20637
1.11265, -0.0398372, 0.0790763, 1.0934, -2.18798
1.11324, -0.0391917, 0.0777847, 1.08449, -2.16961
1.11384, -0.0385515, 0.0765041, 1.07559, -2.15125
1.11443, -0.0379166, 0.0752343, 1.06668, -2.1329
1.11502, -0.0372869, 0.0739754, 1.05778, -2.11457
1.11561, -0.0366625, 0.0727273, 1.04887, -2.09624
1.11621, -0.0360434, 0.0714902, 1.03997, -2.07794
1.1168, -0.0354296, 0.0702638, 1.03106, -2.05964
1.11739, -0.034821, 0.0690483, 1.02216, -2.04136
1.11799, -0.0342177, 0.0678437, 1.01325, -2.02309
1.11858, -0.0336197, 0.0666498, 1.00435, -2.00483
1.11917, -0.033027, 0.0654668, 0.995444, -1.98659
1.11976, -0.0324396, 0.0642946, 0.986541, -1.96835
1.12036, -0.0318574, 0.0631332, 0.977637, -1.95013
1.12095, -0.0312805, 0.0619826, 0.968734, -1.93193
1.12154, -0.0307089, 0.0608428, 0.959832, -1.91373
1.12213, -0.0301426, 0.0597137, 0.950929, -1.89555
1.12273, -0.0295815, 0.0585955, 0.942027, -1.87738
1.12332, -0.0290257, 0.057488, 0.933125, -1.85922
1.12391, -0.0284752, 0.0563913, 0.924224, -1.84108
1.12451, -0.02793, 0.0553053, 0.915322, -1.82294
1.1251, -0.0273901, 0.05423, 0.906421, -1.80482
1.12569, -0.0268554, 0.0531656, 0.897521, -1.78671
1.12628, -0.026326, 0.0521118, 0.88862, -1.76861
1.12688, -0.0258019, 0.0510687, 0.87972, -1.75052
1.12747, -0.025283, 0.0500364, 0.87082, -1.73245
1.12806, -0.0247695, 0.0490148, 0.861921, -1.71439
1.12866, -0.0242612, 0.0480039, 0.853021, -1.69633
1.12925, -0.0237582, 0.0470037, 0.844123, -1.67829
1.12984, -0.0232604, 0.0460142, 0.835224, -1.66026
1.13043, -0.022768, 0.0450354, 0.826326, -1.64224
1.13103, -0.0222808, 0.0440672, 0.817428, -1.62423
1.13162, -0.0217988, 0.0431097, 0.80853, -1.60624
1.13221, -0.0213222, 0.0421629, 0.799633, -1.58825
1.1328, -0.0208508, 0.0412268, 0.790736, -1.57028
1.1334, -0.0203847, 0.0403013, 0.78184, -1.55231
1.13399, -0.0199239, 0.0393864, 0.772943, -1.53436
1.13458, -0.0194684, 0.0384822, 0.764047, -1.51641
1.13518, -0.0190181, 0.0375886, 0.755152, -1.49848
1.13577, -0.0185731, 0.0367056, 0.746256, -1.48055
1.13636, -0.0181334, 0.0358333, 0.737361, -1.46264
1.13695, -0.0176989, 0.0349716, 0.728467, -1.44474
1.13755, -0.0172697, 0.0341205, 0.719572, -1.42684
1.13814, -0.0168458, 0.03328, 0.710678, -1.40896
1.13873, -0.0164272, 0.0324501, 0.701785, -1.39109
1.13933, -0.0160138, 0.0316307, 0.692891, -1.37322
1.13992, -0.0156057, 0.030822, 0.683998, -1.35537
1.14051, -0.0152029, 0.0300239, 0.675106, -1.33752
1.1411, -0.0148053, 0.0292363, 0.666213, -1.31969
1.1417, -0.014413, 0.0284593, 0.657321, -1.30186
1.14229, -0.014026, 0.0276929, 0.64843, -1.28404
1.14288, -0.0136443, 0.026937, 0.639538, -1.26623
1.14347, -0.0132678, 0.0261917, 0.630647, -1.24843
1.14407, -0.0128966, 0.0254569, 0.621757, -1.23064
1.14466, -0.0125307, 0.0247327, 0.612866, -1.21286
1.14525, -0.01217, 0.024019, 0.603976, -1.19509
1.14585, -0.0118146, 0.0233158, 0.595086, -1.17732
1.14644, -0.0114645, 0.0226232, 0.586197, -1.15956
1.14703, -0.0111197, 0.0219411, 0.577308, -1.14181
1.14762, -0.0107801, 0.0212695, 0.568419, -1.12407
1.14822, -0.0104458, 0.0206084, 0.55953, -1.10634
1.14881, -0.0101167, 0.0199578, 0.550642, -1.08862
1.1494, -0.00979293, 0.0193178, 0.541754, -1.0709
1.15, -0.00947443, 0.0186882, 0.532866, -1.05319
1.15059, -0.00916119, 0.0180692, 0.523979, -1.03549
1.15118, -0.00885322, 0.0174606, 0.515092, -1.01779
1.15177, -0.00855051, 0.0168625, 0.506205, -1.0001
1.15237, -0.00825308, 0.0162749, 0.497319, -0.982423
1.15296, -0.00796091, 0.0156978, 0.488433, -0.96475
1.15355, -0.00767401, 0.0151311, 0.479547, -0.947084
1.15414, -0.00739238, 0.014575, 0.470661, -0.929424
1.15474, -0.00711601, 0.0140292, 0.461776, -0.911771
1.15533, -0.00684492, 0.013494, 0.452891, -0.894125
1.15592, -0.00657908, 0.0129692, 0.444006, -0.876485
1.15652, -0.00631852, 0.0124549, 0.435121, -0.858852
1.15711, -0.00606322, 0.011951, 0.426237, -0.841225
1.1577, -0.00581319, 0.0114575, 0.417353, -0.823604
1.15829, -0.00556842, 0.0109745, 0.408469, -0.805989
1.15889, -0.00532892, 0.010502, 0.399585, -0.788379
1.15948, -0.00509469, 0.0100399, 0.390702, -0.770776
1.16007, -0.00486572, 0.00958819, 0.381819, -0.753178
1.16067, -0.00464202, 0.00914693, 0.372936, -0.735586
1.16126, -0.00442358, 0.00871611, 0.364054, -0.717999
1.16185, -0.00421041, 0.0082957, 0.355171, -0.700417
1.16244, -0.00400251, 0.00788572, 0.346289, -0.68284
1.16304, -0.00379986, 0.00748615, 0.337407, -0.665268
1.16363, -0.00360249, 0.007097, 0.328525, -0.647702
1.16422, -0.00341038, 0.00671826, 0.319644, -0.63014
1.16481, -0.00322353, 0.00634993, 0.310762, -0.612582
1.16541, -0.00304195, 0.005992, 0.301881, -0.595029
1.166, -0.00286563, 0.00564448, 0.293, -0.577481
1.16659, -0.00269458, 0.00530736, 0.284119, -0.559937
1.16719, -0.00252879, 0.00498064, 0.275239, -0.542396
1.16778, -0.00236827, 0.00466432, 0.266358, -0.52486
1.16837, -0.00221301, 0.00435839, 0.257478, -0.507328
1.16896, -0.00206301, 0.00406285, 0.248598, -0.489799
1.16956, -0.00191828, 0.0037777, 0.239718, -0.472275
1.17015, -0.00177881, 0.00350294, 0.230838, -0.454753
1.17074, -0.0016446, 0.00323856, 0.221959, -0.437235
1.17134, -0.00151566, 0.00298457, 0.213079, -0.41972
1.17193, -0.00139199, 0.00274096, 0.2042, -0.402209
1.17252, -0.00127357, 0.00250772, 0.195321, -0.3847
1.17311, -0.00116042, 0.00228487, 0.186442, -0.367194
1.17371, -0.00105253, 0.00207239, 0.177563, -0.349691
1.1743, -0.00094991, 0.00187029, 0.168684, -0.33219
1.17489, -0.000852549, 0.00167856, 0.159805, -0.314692
1.17548, -0.000760451, 0.0014972, 0.150926, -0.297196
1.17608, -0.000673617, 0.00132621, 0.142048, -0.279703
1.17667, -0.000592045, 0.0011656, 0.133169, -0.262211
1.17726, -0.000515736, 0.00101535, 0.124291, -0.244722
1.17786, -0.00044469, 0.000875463, 0.115413, -0.227234
1.17845, -0.000378907, 0.000745946, 0.106535, -0.209748
1.17904, -0.000318387, 0.000626793, 0.0976564, -0.192263
1.17963, -0.000263129, 0.000518005, 0.0887783, -0.17478
1.18023, -0.000213135, 0.00041958, 0.0799003, -0.157299
1.18082, -0.000168402, 0.000331518, 0.0710224, -0.139818
1.18141, -0.000128933, 0.000253817, 0.0621445, -0.122339
1.18201, -9.47263e-05, 0.000186477, 0.0532666, -0.10486
1.1826, -6.57822e-05, 0.000129499, 0.0443888, -0.0873821
1.18319, -4.21006e-05, 8.28803e-05, 0.035511, -0.069905
1.18378, -2.36816e-05, 4.66219e-05, 0.0266332, -0.0524283
1.18438, -1.05252e-05, 2.07232e-05, 0.0177555, -0.034952
1.18497, -2.63141e-06, 5.18406e-06, 0.00887775, -0.017476
1.18556, -1.2614e-10, 4.29936e-09, 9.24429e-09, -1.39558e-07
